{u'Bomi County': {'daily_cases': [0, 2, 0, 0, 0, 0, 1, 0, 0, 0, 0, 0, 0, 1, 0, 0, 4, 0, 19, 0, 0, 0, 0], 'daily_deaths': [0, 0, 0, 0, 0, 0, 4, 0, 0, 0, 0, 0, 0, -2, 0, 0, 5, 0, -8, 0, 0, 0, 0]}, u'Grand Gedeh': {'daily_cases': [0, 0, 0, 0, 0, 0, 0, 0, 0, 0, 0, 0, 0, 0, 0, 0, 0, 0, 0, 0, 0, 0, 0], 'daily_deaths': [0, 0, 0, 0, 0, 0, 0, 0, 0, 0, 0, 0, 0, 0, 0, 0, 0, 0, 0, 0, 0, 0, 0]}, u'Grand Bassa': {'daily_cases': [0, 0, 0, 0, 0, 0, 0, 0, 0, 0, 0, 0, 2, 1, 0, 0, 0, 0, 0, 0, 6, 0, 0], 'daily_deaths': [0, 0, 0, 0, 0, 0, 0, 0, 0, 0, 0, 0, 0, 0, 0, 0, 0, 0, 0, 0, 7, 0, 0]}, u'Bong County': {'daily_cases': [0, 6, 6, 0, 0, 0, 0, 0, 0, 0, 0, 0, 0, 0, 5, 0, 0, 0, 0, 0, 0, 0, 3], 'daily_deaths': [0, 0, 1, 0, 0, 0, 0, 0, 0, 0, 0, 0, 0, 0, 9, 0, 0, 0, 0, 0, 0, 0, 2]}, u'Grand Kru': {'daily_cases': [0, 0, 0, 0, 0, 0, 0, 0, 0, 0, 0, 0, 0, 0, 0, 0, 0, 0, 0, 0, 0, 0, 0], 'daily_deaths': [0, 0, 0, 0, 0, 0, 0, 0, 0, 0, 0, 0, 0, 0, 0, 0, 0, 0, 0, 0, 0, 0, 0]}, u'Montserrado County': {'daily_cases': [0, 16, 0, 0, 0, 0, 0, 22, 35, 0, 0, 0, 0, 0, 0, 0, 0, 0, 0, 0, 0, 0, 11], 'daily_deaths': [0, 5, 0, 0, 0, 0, 0, 35, 29, 0, 0, 0, 0, 0, 0, 0, 0, 0, 0, 0, 0, 0, 0]}, u'National': {'daily_cases': [0, 0, 2, 0, 60, 1, 0, 84, 76, 0, 0, 1, 4, 0, 0, 0, 0, 0, 0, 60, 0, 19, 0], 'daily_deaths': [0, 0, 0, 0, 20, -2, 0, 52, 47, 0, 0, 4, 5, 0, 0, 0, 0, 0, 0, 29, 0, -8, 0]}, u'Nimba County': {'daily_cases': [0, 0, 0, 0, 0, 0, 0, 0, 0, 7, 0, 5, 1, 0, 0, 1, 0, 0, 0, 0, 0, 0, 0], 'daily_deaths': [0, 0, 0, 0, 0, 0, 0, 0, 0, 2, 0, 0, 0, 0, 0, 0, 0, 0, 0, 0, 0, 0, 0]}, u'Gbarpolu County': {'daily_cases': [0, 0, 0, 0, 0, 0, 0, 0, 0, 0, 0, 0, 0, 0, 0, 0, 0, 0, 0, 0, 0, 0, 0], 'daily_deaths': [0, 0, 0, 0, 0, 0, 0, 0, 0, 0, 0, 0, 0, 0, 0, 0, 0, 0, 0, 0, 0, 0, 0]}, u'Sinoe County': {'daily_cases': [0, 0, 0, 0, 0, 0, 0, 0, 0, 0, 0, 0, 0, 0, 0, 0, 0, 0, 0, 0, 0, 0, 0], 'daily_deaths': [0, 0, 0, 0, 0, 0, 0, 0, 0, 0, 0, 0, 0, 0, 0, 0, 0, 0, 0, 0, 0, 0, 0]}, u'River Gee County': {'daily_cases': [0, 0, 0, 0, 0, 0, 0, 0, 0, 0, 0, 0, 0, 0, 0, 0, 0, 0, 0, 0, 0, 4, 0], 'daily_deaths': [0, 0, 0, 0, 0, 0, 0, 0, 0, 0, 0, 0, 0, 0, 0, 0, 0, 0, 0, 0, 0, 0, 0]}, u'Grand Cape Mount': {'daily_cases': [0, 0, 0, 0, 0, 0, 0, 0, 0, 0, 0, 0, 0, 0, 0, 0, 0, 0, 0, 0, 1, 0, 0], 'daily_deaths': [0, 0, 0, 0, 0, 0, 0, 0, 0, 0, 0, 0, 0, 0, 0, 0, 0, 0, 0, 0, 1, 1, 1]}, u'Lofa County': {'daily_cases': [30, 0, 0, 0, 0, 10, 0, 0, 0, 0, 0, 0, 0, 0, 0, 0, 0, 0, 0, 0, 0, 40, 31], 'daily_deaths': [10, 0, 0, 0, 0, 5, 0, 0, 0, 0, 0, 0, 0, 0, 0, 0, 0, 0, 0, 0, 0, 0, 8]}, u'Maryland County': {'daily_cases': [0, 0, 0, 0, 0, 0, 0, 0, 0, 0, 0, 0, 0, 0, 0, 0, 0, 0, 0, 0, 0, 0, 0], 'daily_deaths': [0, 0, 0, 0, 0, 0, 0, 0, 0, 0, 0, 0, 0, 0, 0, 0, 0, 0, 0, 0, 0, 0, 0]}, u'RiverCess County': {'daily_cases': [0, 0, 0, 0, 0, 0, 0, 0, 0, 0, 0, 0, 0, 0, 0, 0, 0, 0, 0, 0, 0, 0, 0], 'daily_deaths': [0, 0, 0, 0, 0, 0, 0, 0, 0, 0, 0, 0, 0, 0, 0, 0, 0, 0, 0, 0, 0, 0, 0]}, u'Margibi County': {'daily_cases': [14, 0, 0, 0, 0, 0, 0, 0, 0, 0, 0, 4, 0, 0, 0, 0, 0, 0, 0, 0, 0, 0, 19], 'daily_deaths': [5, 0, 0, 0, 0, 0, 0, 0, 0, 0, 0, 0, 0, 0, 0, 0, 0, 0, 0, 0, 0, 0, 8]}}

Not including national

[{"daily_deaths": [0, 0, 0, 0, 0, 0, 4, 0, 0, 0, 0, 0, 0, -2, 0, 0, 5, 0, -8, 0, 0, 0, 0], "cases_cum": 63, "total_deaths_all": 34, "hcw_cases_cum": 5, "hcw_deaths_cum": 4, "location__name": "Bomi County", "daily_cases": [0, 2, 0, 0, 0, 0, 1, 0, 0, 0, 0, 0, 0, 1, 0, 0, 4, 0, 19, 0, 0, 0, 0]}, {"daily_deaths": [0, 0, 0, 0, 0, 0, 0, 0, 0, 0, 0, 0, 0, 0, 0, 0, 0, 0, 0, 0, 0, 0, 0], "cases_cum": 3, "total_deaths_all": 2, "hcw_cases_cum": 0, "hcw_deaths_cum": 0, "location__name": "Grand Gedeh", "daily_cases": [0, 0, 0, 0, 0, 0, 0, 0, 0, 0, 0, 0, 0, 0, 0, 0, 0, 0, 0, 0, 0, 0, 0]}, {"daily_deaths": [0, 0, 0, 0, 0, 0, 0, 0, 0, 0, 0, 0, 0, 0, 0, 0, 0, 0, 0, 0, 7, 0, 0], "cases_cum": 46, "total_deaths_all": 19, "hcw_cases_cum": 3, "hcw_deaths_cum": 1, "location__name": "Grand Bassa", "daily_cases": [0, 0, 0, 0, 0, 0, 0, 0, 0, 0, 0, 0, 2, 1, 0, 0, 0, 0, 0, 0, 6, 0, 0]}, {"daily_deaths": [0, 0, 1, 0, 0, 0, 0, 0, 0, 0, 0, 0, 0, 0, 9, 0, 0, 0, 0, 0, 0, 0, 2], "cases_cum": 147, "total_deaths_all": 41, "hcw_cases_cum": 26, "hcw_deaths_cum": 5, "location__name": "Bong County", "daily_cases": [0, 6, 6, 0, 0, 0, 0, 0, 0, 0, 0, 0, 0, 0, 5, 0, 0, 0, 0, 0, 0, 0, 3]}, {"daily_deaths": [0, 0, 0, 0, 0, 0, 0, 0, 0, 0, 0, 0, 0, 0, 0, 0, 0, 0, 0, 0, 0, 0, 0], "cases_cum": 0, "total_deaths_all": 0, "hcw_cases_cum": 0, "hcw_deaths_cum": 0, "location__name": "Grand Kru", "daily_cases": [0, 0, 0, 0, 0, 0, 0, 0, 0, 0, 0, 0, 0, 0, 0, 0, 0, 0, 0, 0, 0, 0, 0]}, {"daily_deaths": [0, 5, 0, 0, 0, 0, 0, 35, 29, 0, 0, 0, 0, 0, 0, 0, 0, 0, 0, 0, 0, 0, 0], "cases_cum": 576, "total_deaths_all": 437, "hcw_cases_cum": 59, "hcw_deaths_cum": 28, "location__name": "Montserrado County", "daily_cases": [0, 16, 0, 0, 0, 0, 0, 22, 35, 0, 0, 0, 0, 0, 0, 0, 0, 0, 0, 0, 0, 0, 11]}, {"daily_deaths": [0, 0, 0, 0, 0, 0, 0, 0, 0, 2, 0, 0, 0, 0, 0, 0, 0, 0, 0, 0, 0, 0, 0], "cases_cum": 108, "total_deaths_all": 72, "hcw_cases_cum": 3, "hcw_deaths_cum": 0, "location__name": "Nimba County", "daily_cases": [0, 0, 0, 0, 0, 0, 0, 0, 0, 7, 0, 5, 1, 0, 0, 1, 0, 0, 0, 0, 0, 0, 0]}, {"daily_deaths": [0, 0, 0, 0, 0, 0, 0, 0, 0, 0, 0, 0, 0, 0, 0, 0, 0, 0, 0, 0, 0, 0, 0], "cases_cum": 1, "total_deaths_all": 0, "hcw_cases_cum": 0, "hcw_deaths_cum": 0, "location__name": "Gbarpolu County", "daily_cases": [0, 0, 0, 0, 0, 0, 0, 0, 0, 0, 0, 0, 0, 0, 0, 0, 0, 0, 0, 0, 0, 0, 0]}, {"daily_deaths": [0, 0, 0, 0, 0, 0, 0, 0, 0, 0, 0, 0, 0, 0, 0, 0, 0, 0, 0, 0, 0, 0, 0], "cases_cum": 2, "total_deaths_all": 0, "hcw_cases_cum": 0, "hcw_deaths_cum": 0, "location__name": "Sinoe County", "daily_cases": [0, 0, 0, 0, 0, 0, 0, 0, 0, 0, 0, 0, 0, 0, 0, 0, 0, 0, 0, 0, 0, 0, 0]}, {"daily_deaths": [0, 0, 0, 0, 0, 0, 0, 0, 0, 0, 0, 0, 0, 0, 0, 0, 0, 0, 0, 0, 0, 0, 0], "cases_cum": 9, "total_deaths_all": 5, "hcw_cases_cum": 0, "hcw_deaths_cum": 0, "location__name": "River Gee County", "daily_cases": [0, 0, 0, 0, 0, 0, 0, 0, 0, 0, 0, 0, 0, 0, 0, 0, 0, 0, 0, 0, 0, 4, 0]}, {"daily_deaths": [0, 0, 0, 0, 0, 0, 0, 0, 0, 0, 0, 0, 0, 0, 0, 0, 0, 0, 0, 0, 1, 1, 1], "cases_cum": 10, "total_deaths_all": 9, "hcw_cases_cum": 3, "hcw_deaths_cum": 0, "location__name": "Grand Cape Mount", "daily_cases": [0, 0, 0, 0, 0, 0, 0, 0, 0, 0, 0, 0, 0, 0, 0, 0, 0, 0, 0, 0, 1, 0, 0]}, {"daily_deaths": [10, 0, 0, 0, 0, 5, 0, 0, 0, 0, 0, 0, 0, 0, 0, 0, 0, 0, 0, 0, 0, 0, 8], "cases_cum": 628, "total_deaths_all": 320, "hcw_cases_cum": 20, "hcw_deaths_cum": 17, "location__name": "Lofa County", "daily_cases": [30, 0, 0, 0, 0, 10, 0, 0, 0, 0, 0, 0, 0, 0, 0, 0, 0, 0, 0, 0, 0, 40, 31]}, {"daily_deaths": [0, 0, 0, 0, 0, 0, 0, 0, 0, 0, 0, 0, 0, 0, 0, 0, 0, 0, 0, 0, 0, 0, 0], "cases_cum": 0, "total_deaths_all": 0, "hcw_cases_cum": 0, "hcw_deaths_cum": 0, "location__name": "Maryland County", "daily_cases": [0, 0, 0, 0, 0, 0, 0, 0, 0, 0, 0, 0, 0, 0, 0, 0, 0, 0, 0, 0, 0, 0, 0]}, {"daily_deaths": [0, 0, 0, 0, 0, 0, 0, 0, 0, 0, 0, 0, 0, 0, 0, 0, 0, 0, 0, 0, 0, 0, 0], "cases_cum": 1, "total_deaths_all": 1, "hcw_cases_cum": 0, "hcw_deaths_cum": 0, "location__name": "RiverCess County", "daily_cases": [0, 0, 0, 0, 0, 0, 0, 0, 0, 0, 0, 0, 0, 0, 0, 0, 0, 0, 0, 0, 0, 0, 0]}, {"daily_deaths": [5, 0, 0, 0, 0, 0, 0, 0, 0, 0, 0, 0, 0, 0, 0, 0, 0, 0, 0, 0, 0, 0, 8], "cases_cum": 245, "total_deaths_all": 111, "hcw_cases_cum": 32, "hcw_deaths_cum": 19, "location__name": "Margibi County", "daily_cases": [14, 0, 0, 0, 0, 0, 0, 0, 0, 0, 0, 4, 0, 0, 0, 0, 0, 0, 0, 0, 0, 0, 19]}]


Including national

[{"daily_deaths": [0, 0, 0, 0, 0, 0, 4, 0, 0, 0, 0, 0, 0, -2, 0, 0, 5, 0, -8, 0, 0, 0, 0], "cases_cum": 63, "total_deaths_all": 34, "hcw_cases_cum": 5, "hcw_deaths_cum": 4, "location__name": "Bomi County", "daily_cases": [0, 2, 0, 0, 0, 0, 1, 0, 0, 0, 0, 0, 0, 1, 0, 0, 4, 0, 19, 0, 0, 0, 0]}, {"daily_deaths": [0, 0, 0, 0, 0, 0, 0, 0, 0, 0, 0, 0, 0, 0, 0, 0, 0, 0, 0, 0, 0, 0, 0], "cases_cum": 3, "total_deaths_all": 2, "hcw_cases_cum": 0, "hcw_deaths_cum": 0, "location__name": "Grand Gedeh", "daily_cases": [0, 0, 0, 0, 0, 0, 0, 0, 0, 0, 0, 0, 0, 0, 0, 0, 0, 0, 0, 0, 0, 0, 0]}, {"daily_deaths": [0, 0, 0, 0, 0, 0, 0, 0, 0, 0, 0, 0, 0, 0, 0, 0, 0, 0, 0, 0, 7, 0, 0], "cases_cum": 46, "total_deaths_all": 19, "hcw_cases_cum": 3, "hcw_deaths_cum": 1, "location__name": "Grand Bassa", "daily_cases": [0, 0, 0, 0, 0, 0, 0, 0, 0, 0, 0, 0, 2, 1, 0, 0, 0, 0, 0, 0, 6, 0, 0]}, {"daily_deaths": [0, 0, 1, 0, 0, 0, 0, 0, 0, 0, 0, 0, 0, 0, 9, 0, 0, 0, 0, 0, 0, 0, 2], "cases_cum": 147, "total_deaths_all": 41, "hcw_cases_cum": 26, "hcw_deaths_cum": 5, "location__name": "Bong County", "daily_cases": [0, 6, 6, 0, 0, 0, 0, 0, 0, 0, 0, 0, 0, 0, 5, 0, 0, 0, 0, 0, 0, 0, 3]}, {"daily_deaths": [0, 0, 0, 0, 0, 0, 0, 0, 0, 0, 0, 0, 0, 0, 0, 0, 0, 0, 0, 0, 0, 0, 0], "cases_cum": 0, "total_deaths_all": 0, "hcw_cases_cum": 0, "hcw_deaths_cum": 0, "location__name": "Grand Kru", "daily_cases": [0, 0, 0, 0, 0, 0, 0, 0, 0, 0, 0, 0, 0, 0, 0, 0, 0, 0, 0, 0, 0, 0, 0]}, {"daily_deaths": [0, 5, 0, 0, 0, 0, 0, 35, 29, 0, 0, 0, 0, 0, 0, 0, 0, 0, 0, 0, 0, 0, 0], "cases_cum": 576, "total_deaths_all": 437, "hcw_cases_cum": 59, "hcw_deaths_cum": 28, "location__name": "Montserrado County", "daily_cases": [0, 16, 0, 0, 0, 0, 0, 22, 35, 0, 0, 0, 0, 0, 0, 0, 0, 0, 0, 0, 0, 0, 11]}, {"daily_deaths": [0, 0, 0, 0, 20, -2, 0, 52, 47, 0, 0, 4, 5, 0, 0, 0, 0, 0, 0, 29, 0, -8, 0], "cases_cum": 1839, "total_deaths_all": 1051, "hcw_cases_cum": 151, "hcw_deaths_cum": 74, "location__name": "National", "daily_cases": [0, 0, 2, 0, 60, 1, 0, 84, 76, 0, 0, 1, 4, 0, 0, 0, 0, 0, 0, 60, 0, 19, 0]}, {"daily_deaths": [0, 0, 0, 0, 0, 0, 0, 0, 0, 2, 0, 0, 0, 0, 0, 0, 0, 0, 0, 0, 0, 0, 0], "cases_cum": 108, "total_deaths_all": 72, "hcw_cases_cum": 3, "hcw_deaths_cum": 0, "location__name": "Nimba County", "daily_cases": [0, 0, 0, 0, 0, 0, 0, 0, 0, 7, 0, 5, 1, 0, 0, 1, 0, 0, 0, 0, 0, 0, 0]}, {"daily_deaths": [0, 0, 0, 0, 0, 0, 0, 0, 0, 0, 0, 0, 0, 0, 0, 0, 0, 0, 0, 0, 0, 0, 0], "cases_cum": 1, "total_deaths_all": 0, "hcw_cases_cum": 0, "hcw_deaths_cum": 0, "location__name": "Gbarpolu County", "daily_cases": [0, 0, 0, 0, 0, 0, 0, 0, 0, 0, 0, 0, 0, 0, 0, 0, 0, 0, 0, 0, 0, 0, 0]}, {"daily_deaths": [0, 0, 0, 0, 0, 0, 0, 0, 0, 0, 0, 0, 0, 0, 0, 0, 0, 0, 0, 0, 0, 0, 0], "cases_cum": 2, "total_deaths_all": 0, "hcw_cases_cum": 0, "hcw_deaths_cum": 0, "location__name": "Sinoe County", "daily_cases": [0, 0, 0, 0, 0, 0, 0, 0, 0, 0, 0, 0, 0, 0, 0, 0, 0, 0, 0, 0, 0, 0, 0]}, {"daily_deaths": [0, 0, 0, 0, 0, 0, 0, 0, 0, 0, 0, 0, 0, 0, 0, 0, 0, 0, 0, 0, 0, 0, 0], "cases_cum": 9, "total_deaths_all": 5, "hcw_cases_cum": 0, "hcw_deaths_cum": 0, "location__name": "River Gee County", "daily_cases": [0, 0, 0, 0, 0, 0, 0, 0, 0, 0, 0, 0, 0, 0, 0, 0, 0, 0, 0, 0, 0, 4, 0]}, {"daily_deaths": [0, 0, 0, 0, 0, 0, 0, 0, 0, 0, 0, 0, 0, 0, 0, 0, 0, 0, 0, 0, 1, 1, 1], "cases_cum": 10, "total_deaths_all": 9, "hcw_cases_cum": 3, "hcw_deaths_cum": 0, "location__name": "Grand Cape Mount", "daily_cases": [0, 0, 0, 0, 0, 0, 0, 0, 0, 0, 0, 0, 0, 0, 0, 0, 0, 0, 0, 0, 1, 0, 0]}, {"daily_deaths": [10, 0, 0, 0, 0, 5, 0, 0, 0, 0, 0, 0, 0, 0, 0, 0, 0, 0, 0, 0, 0, 0, 8], "cases_cum": 628, "total_deaths_all": 320, "hcw_cases_cum": 20, "hcw_deaths_cum": 17, "location__name": "Lofa County", "daily_cases": [30, 0, 0, 0, 0, 10, 0, 0, 0, 0, 0, 0, 0, 0, 0, 0, 0, 0, 0, 0, 0, 40, 31]}, {"daily_deaths": [0, 0, 0, 0, 0, 0, 0, 0, 0, 0, 0, 0, 0, 0, 0, 0, 0, 0, 0, 0, 0, 0, 0], "cases_cum": 0, "total_deaths_all": 0, "hcw_cases_cum": 0, "hcw_deaths_cum": 0, "location__name": "Maryland County", "daily_cases": [0, 0, 0, 0, 0, 0, 0, 0, 0, 0, 0, 0, 0, 0, 0, 0, 0, 0, 0, 0, 0, 0, 0]}, {"daily_deaths": [0, 0, 0, 0, 0, 0, 0, 0, 0, 0, 0, 0, 0, 0, 0, 0, 0, 0, 0, 0, 0, 0, 0], "cases_cum": 1, "total_deaths_all": 1, "hcw_cases_cum": 0, "hcw_deaths_cum": 0, "location__name": "RiverCess County", "daily_cases": [0, 0, 0, 0, 0, 0, 0, 0, 0, 0, 0, 0, 0, 0, 0, 0, 0, 0, 0, 0, 0, 0, 0]}, {"daily_deaths": [5, 0, 0, 0, 0, 0, 0, 0, 0, 0, 0, 0, 0, 0, 0, 0, 0, 0, 0, 0, 0, 0, 8], "cases_cum": 245, "total_deaths_all": 111, "hcw_cases_cum": 32, "hcw_deaths_cum": 19, "location__name": "Margibi County", "daily_cases": [14, 0, 0, 0, 0, 0, 0, 0, 0, 0, 0, 4, 0, 0, 0, 0, 0, 0, 0, 0, 0, 0, 19]}]


just national

[{"daily_deaths": [0, 0, 0, 0, 20, -2, 0, 52, 47, 0, 0, 4, 5, 0, 0, 0, 0, 0, 0, 29, 0, -8, 0], "cases_cum": 1839, "total_deaths_all": 1051, "hcw_cases_cum": 151, "hcw_deaths_cum": 74, "location__name": "National", "daily_cases": [0, 0, 2, 0, 60, 1, 0, 84, 76, 0, 0, 1, 4, 0, 0, 0, 0, 0, 0, 60, 0, 19, 0]}]
