[{"1. Total new cases": 2, "1. Total deaths in confirmed, probable and suspected cases": 4, "3. Daily deaths in probable  cases": 0, "4.Total confirmed cases": 2, "4. Total deaths in confirmed cases": 0, "2. Total suspected cases": 8, "HealthCare worker total deaths": 0, "HealthCare worker new cases": null, "HealthCare worker new deaths": null, "4. Daily deaths in confirmed cases": 0, "2. Daily deaths in suspected cases": 0, "3. Total probable cases": 0, "2. New suspected cases": 0, "1. Total daily deaths": 0, "3. New probable cases": 0, "4. New confirmed cases": 2, "1. Total cases": 10, "Date": "Apr 01", "2. Total deaths in suspected cases": 0, "3. Total deaths in probable cases": 0, "HealthCare worker total cases": 0}, {"1. Total new cases": 0, "1. Total deaths in confirmed, probable and suspected cases": 10, "3. Daily deaths in probable  cases": 0, "4.Total confirmed cases": 5, "4. Total deaths in confirmed cases": 0, "2. Total suspected cases": 12, "HealthCare worker total deaths": 0, "HealthCare worker new cases": null, "HealthCare worker new deaths": null, "4. Daily deaths in confirmed cases": 0, "2. Daily deaths in suspected cases": 0, "3. Total probable cases": 0, "2. New suspected cases": 0, "1. Total daily deaths": 0, "3. New probable cases": 0, "4. New confirmed cases": 0, "1. Total cases": 21, "Date": "Apr 08", "2. Total deaths in suspected cases": 0, "3. Total deaths in probable cases": 0, "HealthCare worker total cases": 0}, {"1. Total new cases": 0, "1. Total deaths in confirmed, probable and suspected cases": 13, "3. Daily deaths in probable  cases": 0, "4.Total confirmed cases": 6, "4. Total deaths in confirmed cases": 0, "2. Total suspected cases": 20, "HealthCare worker total deaths": 0, "HealthCare worker new cases": null, "HealthCare worker new deaths": null, "4. Daily deaths in confirmed cases": 0, "2. Daily deaths in suspected cases": 0, "3. Total probable cases": 0, "2. New suspected cases": 0, "1. Total daily deaths": 0, "3. New probable cases": 0, "4. New confirmed cases": 0, "1. Total cases": 25, "Date": "Apr 15", "2. Total deaths in suspected cases": 0, "3. Total deaths in probable cases": 0, "HealthCare worker total cases": 0}, {"1. Total new cases": 1, "1. Total deaths in confirmed, probable and suspected cases": 11, "3. Daily deaths in probable  cases": 0, "4.Total confirmed cases": 6, "4. Total deaths in confirmed cases": 6, "2. Total suspected cases": 25, "HealthCare worker total deaths": 2, "HealthCare worker new cases": null, "HealthCare worker new deaths": null, "4. Daily deaths in confirmed cases": 0, "2. Daily deaths in suspected cases": 0, "3. Total probable cases": 2, "2. New suspected cases": 0, "1. Total daily deaths": -2, "3. New probable cases": 0, "4. New confirmed cases": 0, "1. Total cases": 34, "Date": "Apr 22", "2. Total deaths in suspected cases": 1, "3. Total deaths in probable cases": 2, "HealthCare worker total cases": 2}, {"1. Total new cases": 0, "1. Total deaths in confirmed, probable and suspected cases": 11, "3. Daily deaths in probable  cases": 0, "4.Total confirmed cases": 6, "4. Total deaths in confirmed cases": 6, "2. Total suspected cases": 27, "HealthCare worker total deaths": 2, "HealthCare worker new cases": null, "HealthCare worker new deaths": null, "4. Daily deaths in confirmed cases": 0, "2. Daily deaths in suspected cases": 0, "3. Total probable cases": 2, "2. New suspected cases": 0, "1. Total daily deaths": 0, "3. New probable cases": 0, "4. New confirmed cases": 0, "1. Total cases": 35, "Date": "Apr 29", "2. Total deaths in suspected cases": 3, "3. Total deaths in probable cases": 2, "HealthCare worker total cases": 2}, {"1. Total new cases": 0, "1. Total deaths in confirmed, probable and suspected cases": 11, "3. Daily deaths in probable  cases": 0, "4.Total confirmed cases": 6, "4. Total deaths in confirmed cases": 6, "2. Total suspected cases": 5, "HealthCare worker total deaths": 2, "HealthCare worker new cases": null, "HealthCare worker new deaths": null, "4. Daily deaths in confirmed cases": 0, "2. Daily deaths in suspected cases": 0, "3. Total probable cases": 2, "2. New suspected cases": 0, "1. Total daily deaths": 0, "3. New probable cases": 0, "4. New confirmed cases": 0, "1. Total cases": 13, "Date": "May 06", "2. Total deaths in suspected cases": 3, "3. Total deaths in probable cases": 2, "HealthCare worker total cases": 2}, {"1. Total new cases": 0, "1. Total deaths in confirmed, probable and suspected cases": 11, "3. Daily deaths in probable  cases": 0, "4.Total confirmed cases": 6, "4. Total deaths in confirmed cases": 6, "2. Total suspected cases": 4, "HealthCare worker total deaths": 2, "HealthCare worker new cases": null, "HealthCare worker new deaths": null, "4. Daily deaths in confirmed cases": 0, "2. Daily deaths in suspected cases": 0, "3. Total probable cases": 2, "2. New suspected cases": 0, "1. Total daily deaths": 0, "3. New probable cases": 0, "4. New confirmed cases": 0, "1. Total cases": 12, "Date": "May 13", "2. Total deaths in suspected cases": 3, "3. Total deaths in probable cases": 2, "HealthCare worker total cases": 2}, {"1. Total new cases": 0, "1. Total deaths in confirmed, probable and suspected cases": 11, "3. Daily deaths in probable  cases": 0, "4.Total confirmed cases": 6, "4. Total deaths in confirmed cases": 6, "2. Total suspected cases": 4, "HealthCare worker total deaths": 2, "HealthCare worker new cases": null, "HealthCare worker new deaths": null, "4. Daily deaths in confirmed cases": 0, "2. Daily deaths in suspected cases": 0, "3. Total probable cases": 2, "2. New suspected cases": 0, "1. Total daily deaths": 0, "3. New probable cases": 0, "4. New confirmed cases": 0, "1. Total cases": 12, "Date": "May 20", "2. Total deaths in suspected cases": 1, "3. Total deaths in probable cases": 2, "HealthCare worker total cases": 2}, {"1. Total new cases": 0, "1. Total deaths in confirmed, probable and suspected cases": 11, "3. Daily deaths in probable  cases": 0, "4.Total confirmed cases": 6, "4. Total deaths in confirmed cases": 6, "2. Total suspected cases": 4, "HealthCare worker total deaths": 2, "HealthCare worker new cases": null, "HealthCare worker new deaths": null, "4. Daily deaths in confirmed cases": 0, "2. Daily deaths in suspected cases": 0, "3. Total probable cases": 2, "2. New suspected cases": 0, "1. Total daily deaths": 0, "3. New probable cases": 0, "4. New confirmed cases": 0, "1. Total cases": 12, "Date": "May 27", "2. Total deaths in suspected cases": 1, "3. Total deaths in probable cases": 2, "HealthCare worker total cases": 2}, {"1. Total new cases": 0, "1. Total deaths in confirmed, probable and suspected cases": 12, "3. Daily deaths in probable  cases": 0, "4.Total confirmed cases": 6, "4. Total deaths in confirmed cases": 6, "2. Total suspected cases": 5, "HealthCare worker total deaths": 2, "HealthCare worker new cases": null, "HealthCare worker new deaths": null, "4. Daily deaths in confirmed cases": 0, "2. Daily deaths in suspected cases": 0, "3. Total probable cases": 2, "2. New suspected cases": 0, "1. Total daily deaths": 0, "3. New probable cases": 0, "4. New confirmed cases": 0, "1. Total cases": 13, "Date": "Jun 03", "2. Total deaths in suspected cases": 2, "3. Total deaths in probable cases": 2, "HealthCare worker total cases": 2}, {"1. Total new cases": 0, "1. Total deaths in confirmed, probable and suspected cases": 12, "3. Daily deaths in probable  cases": 0, "4.Total confirmed cases": 6, "4. Total deaths in confirmed cases": 6, "2. Total suspected cases": 5, "HealthCare worker total deaths": 2, "HealthCare worker new cases": null, "HealthCare worker new deaths": null, "4. Daily deaths in confirmed cases": 0, "2. Daily deaths in suspected cases": 0, "3. Total probable cases": 2, "2. New suspected cases": 0, "1. Total daily deaths": 0, "3. New probable cases": 0, "4. New confirmed cases": 0, "1. Total cases": 13, "Date": "Jun 10", "2. Total deaths in suspected cases": 2, "3. Total deaths in probable cases": 2, "HealthCare worker total cases": 2}, {"1. Total new cases": 0, "1. Total deaths in confirmed, probable and suspected cases": 24, "3. Daily deaths in probable  cases": 0, "4.Total confirmed cases": 18, "4. Total deaths in confirmed cases": 14, "2. Total suspected cases": 4, "HealthCare worker total deaths": 3, "HealthCare worker new cases": null, "HealthCare worker new deaths": null, "4. Daily deaths in confirmed cases": 0, "2. Daily deaths in suspected cases": 0, "3. Total probable cases": 8, "2. New suspected cases": 0, "1. Total daily deaths": 0, "3. New probable cases": 0, "4. New confirmed cases": 0, "1. Total cases": 30, "Date": "Jun 17", "2. Total deaths in suspected cases": 2, "3. Total deaths in probable cases": 8, "HealthCare worker total cases": 3}, {"1. Total new cases": 1, "1. Total deaths in confirmed, probable and suspected cases": 41, "3. Daily deaths in probable  cases": 0, "4.Total confirmed cases": 39, "4. Total deaths in confirmed cases": 25, "2. Total suspected cases": 14, "HealthCare worker total deaths": 4, "HealthCare worker new cases": null, "HealthCare worker new deaths": null, "4. Daily deaths in confirmed cases": 2, "2. Daily deaths in suspected cases": 2, "3. Total probable cases": 10, "2. New suspected cases": -3, "1. Total daily deaths": 4, "3. New probable cases": 0, "4. New confirmed cases": 4, "1. Total cases": 63, "Date": "Jun 24", "2. Total deaths in suspected cases": 6, "3. Total deaths in probable cases": 10, "HealthCare worker total cases": 4}, {"1. Total new cases": 4, "1. Total deaths in confirmed, probable and suspected cases": 61, "3. Daily deaths in probable  cases": 2, "4.Total confirmed cases": 48, "4. Total deaths in confirmed cases": 30, "2. Total suspected cases": 33, "HealthCare worker total deaths": 8, "HealthCare worker new cases": null, "HealthCare worker new deaths": null, "4. Daily deaths in confirmed cases": 3, "2. Daily deaths in suspected cases": 0, "3. Total probable cases": 19, "2. New suspected cases": 2, "1. Total daily deaths": 5, "3. New probable cases": 0, "4. New confirmed cases": 2, "1. Total cases": 100, "Date": "Jul 01", "2. Total deaths in suspected cases": 14, "3. Total deaths in probable cases": 17, "HealthCare worker total cases": 10}, {"1. Total new cases": 0, "1. Total deaths in confirmed, probable and suspected cases": 89, "3. Daily deaths in probable  cases": 0, "4.Total confirmed cases": 62, "4. Total deaths in confirmed cases": 43, "2. Total suspected cases": 38, "HealthCare worker total deaths": 11, "HealthCare worker new cases": null, "HealthCare worker new deaths": null, "4. Daily deaths in confirmed cases": 0, "2. Daily deaths in suspected cases": 0, "3. Total probable cases": 32, "2. New suspected cases": 0, "1. Total daily deaths": 0, "3. New probable cases": 0, "4. New confirmed cases": 0, "1. Total cases": 138, "Date": "Jul 08", "2. Total deaths in suspected cases": 18, "3. Total deaths in probable cases": 28, "HealthCare worker total cases": 12}, {"1. Total new cases": 0, "1. Total deaths in confirmed, probable and suspected cases": 106, "3. Daily deaths in probable  cases": 0, "4.Total confirmed cases": 70, "4. Total deaths in confirmed cases": 46, "2. Total suspected cases": 62, "HealthCare worker total deaths": 11, "HealthCare worker new cases": null, "HealthCare worker new deaths": null, "4. Daily deaths in confirmed cases": 0, "2. Daily deaths in suspected cases": 0, "3. Total probable cases": 42, "2. New suspected cases": 0, "1. Total daily deaths": 0, "3. New probable cases": 0, "4. New confirmed cases": 0, "1. Total cases": 174, "Date": "Jul 15", "2. Total deaths in suspected cases": 20, "3. Total deaths in probable cases": 30, "HealthCare worker total cases": 12}, {"1. Total new cases": 19, "1. Total deaths in confirmed, probable and suspected cases": 129, "3. Daily deaths in probable  cases": 4, "4.Total confirmed cases": 84, "4. Total deaths in confirmed cases": 60, "2. Total suspected cases": 81, "HealthCare worker total deaths": 12, "HealthCare worker new cases": null, "HealthCare worker new deaths": null, "4. Daily deaths in confirmed cases": 0, "2. Daily deaths in suspected cases": -12, "3. Total probable cases": 84, "2. New suspected cases": 3, "1. Total daily deaths": -8, "3. New probable cases": 14, "4. New confirmed cases": 2, "1. Total cases": 249, "Date": "Jul 22", "2. Total deaths in suspected cases": 19, "3. Total deaths in probable cases": 50, "HealthCare worker total cases": 31}, {"1. Total new cases": 0, "1. Total deaths in confirmed, probable and suspected cases": 0, "3. Daily deaths in probable  cases": 0, "4.Total confirmed cases": 0, "4. Total deaths in confirmed cases": 0, "2. Total suspected cases": 0, "HealthCare worker total deaths": 0, "HealthCare worker new cases": null, "HealthCare worker new deaths": null, "4. Daily deaths in confirmed cases": 0, "2. Daily deaths in suspected cases": 0, "3. Total probable cases": 0, "2. New suspected cases": 0, "1. Total daily deaths": 0, "3. New probable cases": 0, "4. New confirmed cases": 0, "1. Total cases": 0, "Date": "Jul 29", "2. Total deaths in suspected cases": 0, "3. Total deaths in probable cases": 0, "HealthCare worker total cases": 0}, {"1. Total new cases": 0, "1. Total deaths in confirmed, probable and suspected cases": 0, "3. Daily deaths in probable  cases": 0, "4.Total confirmed cases": 0, "4. Total deaths in confirmed cases": 0, "2. Total suspected cases": 0, "HealthCare worker total deaths": 0, "HealthCare worker new cases": null, "HealthCare worker new deaths": null, "4. Daily deaths in confirmed cases": 0, "2. Daily deaths in suspected cases": 0, "3. Total probable cases": 0, "2. New suspected cases": 0, "1. Total daily deaths": 0, "3. New probable cases": 0, "4. New confirmed cases": 0, "1. Total cases": 0, "Date": "Aug 05", "2. Total deaths in suspected cases": 0, "3. Total deaths in probable cases": 0, "HealthCare worker total cases": 0}, {"1. Total new cases": 60, "1. Total deaths in confirmed, probable and suspected cases": 364, "3. Daily deaths in probable  cases": 0, "4.Total confirmed cases": 166, "4. Total deaths in confirmed cases": 152, "2. Total suspected cases": 155, "HealthCare worker total deaths": 36, "HealthCare worker new cases": null, "HealthCare worker new deaths": null, "4. Daily deaths in confirmed cases": 0, "2. Daily deaths in suspected cases": 0, "3. Total probable cases": 367, "2. New suspected cases": 9, "1. Total daily deaths": 29, "3. New probable cases": 49, "4. New confirmed cases": 2, "1. Total cases": 688, "Date": "Aug 12", "2. Total deaths in suspected cases": 54, "3. Total deaths in probable cases": 158, "HealthCare worker total cases": 85}, {"1. Total new cases": 60, "1. Total deaths in confirmed, probable and suspected cases": 598, "3. Daily deaths in probable  cases": 13, "4.Total confirmed cases": 250, "4. Total deaths in confirmed cases": 217, "2. Total suspected cases": 241, "HealthCare worker total deaths": 60, "HealthCare worker new cases": null, "HealthCare worker new deaths": null, "4. Daily deaths in confirmed cases": 5, "2. Daily deaths in suspected cases": 4, "3. Total probable cases": 541, "2. New suspected cases": 13, "1. Total daily deaths": 20, "3. New probable cases": 47, "4. New confirmed cases": 0, "1. Total cases": 1032, "Date": "Aug 19", "2. Total deaths in suspected cases": 129, "3. Total deaths in probable cases": 252, "HealthCare worker total cases": 117}, {"1. Total new cases": 84, "1. Total deaths in confirmed, probable and suspected cases": 823, "3. Daily deaths in probable  cases": null, "4.Total confirmed cases": 342, "4. Total deaths in confirmed cases": 307, "2. Total suspected cases": 425, "HealthCare worker total deaths": 70, "HealthCare worker new cases": 5, "HealthCare worker new deaths": 3, "4. Daily deaths in confirmed cases": null, "2. Daily deaths in suspected cases": null, "3. Total probable cases": 696, "2. New suspected cases": 28, "1. Total daily deaths": 52, "3. New probable cases": 37, "4. New confirmed cases": 19, "1. Total cases": 1463, "Date": "Aug 26", "2. Total deaths in suspected cases": 194, "3. Total deaths in probable cases": 322, "HealthCare worker total cases": 137}, {"1. Total deaths in confirmed, probable and suspected cases": 1051, "3. Daily deaths in probable  cases": null, "2. Total suspected cases": 366, "HealthCare worker total deaths": 74, "2. New suspected cases": 35, "1. Total daily deaths": 47, "pct_change_cases": -12.76, "3. Total deaths in probable cases": 390, "pct_change_cases_hcw": -30.0, "1. Total new cases": 76, "4. Total deaths in confirmed cases": 414, "HealthCare worker new cases": 2, "HealthCare worker new deaths": 0, "4. Daily deaths in confirmed cases": null, "3. Total probable cases": 883, "new_weekly_cases_hcw": 14, "3. New probable cases": 38, "new_weekly_cases": 376, "1. Total cases": 1839, "Date": "Sep 02", "4.Total confirmed cases": 590, "HealthCare worker total cases": 151, "2. Daily deaths in suspected cases": null, "new_weekly_deaths": 228, "pct_change_death": 1.33, "pct_change_death_hcw": -60.0, "4. New confirmed cases": 3, "2. Total deaths in suspected cases": 247, "new_weekly_deaths_hcw": 4}]
