[{"date": "2014-09-02", "hcw_deaths_cum": 74, "hcw_cases_cum": 151, "hcw_cases_new": 2, "hcw_deaths_new": 0}, {"date": "2014-09-01", "hcw_deaths_cum": 74, "hcw_cases_cum": 149, "hcw_cases_new": 4, "hcw_deaths_new": 0}, {"date": "2014-08-31", "hcw_deaths_cum": 74, "hcw_cases_cum": 145, "hcw_cases_new": 0, "hcw_deaths_new": 0}, {"date": "2014-08-30", "hcw_deaths_cum": 74, "hcw_cases_cum": 145, "hcw_cases_new": 0, "hcw_deaths_new": 1}, {"date": "2014-08-29", "hcw_deaths_cum": 73, "hcw_cases_cum": 145, "hcw_cases_new": 5, "hcw_deaths_new": 0}, {"date": "2014-08-28", "hcw_deaths_cum": 73, "hcw_cases_cum": 140, "hcw_cases_new": 3, "hcw_deaths_new": 2}, {"date": "2014-08-27", "hcw_deaths_cum": 71, "hcw_cases_cum": 137, "hcw_cases_new": 0, "hcw_deaths_new": 0}, {"date": "2014-08-26", "hcw_deaths_cum": 70, "hcw_cases_cum": 137, "hcw_cases_new": 5, "hcw_deaths_new": 3}, {"date": "2014-08-25", "hcw_deaths_cum": 67, "hcw_cases_cum": 132, "hcw_cases_new": 1, "hcw_deaths_new": 0}, {"date": "2014-08-24", "hcw_deaths_cum": 69, "hcw_cases_cum": 133, "hcw_cases_new": null, "hcw_deaths_new": null}, {"date": "2014-08-23", "hcw_deaths_cum": 0, "hcw_cases_cum": 0, "hcw_cases_new": null, "hcw_deaths_new": null}, {"date": "2014-08-22", "hcw_deaths_cum": 67, "hcw_cases_cum": 126, "hcw_cases_new": null, "hcw_deaths_new": null}, {"date": "2014-08-21", "hcw_deaths_cum": 0, "hcw_cases_cum": 0, "hcw_cases_new": null, "hcw_deaths_new": null}, {"date": "2014-08-20", "hcw_deaths_cum": 63, "hcw_cases_cum": 117, "hcw_cases_new": null, "hcw_deaths_new": null}, {"date": "2014-08-19", "hcw_deaths_cum": 60, "hcw_cases_cum": 117, "hcw_cases_new": null, "hcw_deaths_new": null}, {"date": "2014-08-18", "hcw_deaths_cum": 60, "hcw_cases_cum": 115, "hcw_cases_new": null, "hcw_deaths_new": null}, {"date": "2014-08-17", "hcw_deaths_cum": 44, "hcw_cases_cum": 95, "hcw_cases_new": null, "hcw_deaths_new": null}, {"date": "2014-08-16", "hcw_deaths_cum": 44, "hcw_cases_cum": 95, "hcw_cases_new": null, "hcw_deaths_new": null}, {"date": "2014-08-15", "hcw_deaths_cum": 44, "hcw_cases_cum": 94, "hcw_cases_new": null, "hcw_deaths_new": null}, {"date": "2014-08-14", "hcw_deaths_cum": 41, "hcw_cases_cum": 92, "hcw_cases_new": null, "hcw_deaths_new": null}, {"date": "2014-08-13", "hcw_deaths_cum": 38, "hcw_cases_cum": 90, "hcw_cases_new": null, "hcw_deaths_new": null}, {"date": "2014-08-12", "hcw_deaths_cum": 36, "hcw_cases_cum": 85, "hcw_cases_new": null, "hcw_deaths_new": null}, {"date": "2014-08-11", "hcw_deaths_cum": 0, "hcw_cases_cum": 0, "hcw_cases_new": null, "hcw_deaths_new": null}, {"date": "2014-08-10", "hcw_deaths_cum": 0, "hcw_cases_cum": 0, "hcw_cases_new": null, "hcw_deaths_new": null}, {"date": "2014-08-09", "hcw_deaths_cum": 35, "hcw_cases_cum": 81, "hcw_cases_new": null, "hcw_deaths_new": null}, {"date": "2014-08-08", "hcw_deaths_cum": 35, "hcw_cases_cum": 79, "hcw_cases_new": null, "hcw_deaths_new": null}, {"date": "2014-08-07", "hcw_deaths_cum": 35, "hcw_cases_cum": 78, "hcw_cases_new": null, "hcw_deaths_new": null}, {"date": "2014-08-06", "hcw_deaths_cum": 35, "hcw_cases_cum": 76, "hcw_cases_new": null, "hcw_deaths_new": null}, {"date": "2014-08-05", "hcw_deaths_cum": 0, "hcw_cases_cum": 0, "hcw_cases_new": null, "hcw_deaths_new": null}, {"date": "2014-08-04", "hcw_deaths_cum": 34, "hcw_cases_cum": 65, "hcw_cases_new": null, "hcw_deaths_new": null}, {"date": "2014-08-03", "hcw_deaths_cum": 0, "hcw_cases_cum": 0, "hcw_cases_new": null, "hcw_deaths_new": null}, {"date": "2014-08-02", "hcw_deaths_cum": 37, "hcw_cases_cum": 62, "hcw_cases_new": null, "hcw_deaths_new": null}, {"date": "2014-08-01", "hcw_deaths_cum": 37, "hcw_cases_cum": 62, "hcw_cases_new": null, "hcw_deaths_new": null}]
