{"deaths": 30, "cases_cum_confirmed": 928, "hcw_deaths_cum": 92, "new_deaths_probable": null, "new_deaths_confirmed": null, "total_deaths_probable": 684, "CFR": "61", "new_weekly_cases": 782, "cases_new_confirmed": 2, "cases_new_total": 32, "cases_cum": 3921, "cases_new_suspected": 19, "new_weekly_cases_hcw": 11, "cases_cum_suspected": 1238, "hcw_cases_new": null, "total_deaths_confirmed": 971, "hc_workers": null, "pct_change_death_hcw": "N/A", "location__slug": "national", "pct_change_cases_hcw": 175.0, "total_deaths_suspected": 461, "new_weekly_deaths": 483, "hcw_cases_cum": 188, "pct_change_death": 1138.46, "location__name": "National", "sit_rep__day_of_year": 275, "new_weekly_deaths_hcw": 8, "new_deaths_suspected": null, "sit_rep__date": "2014-10-02", "cases_cum_probable": 1755, "total_deaths_all": 2116, "hcw_deaths_new": 0, "pct_change_cases": 1103.08, "cases_new_probable": 11}

deaths
cases_cum_confirmed
hcw_deaths_cum
new_deaths_probable
new_deaths_confirmed
total_deaths_probable
CFR
new_weekly_cases
cases_new_confirmed
cases_new_total
cases_cum
cases_new_suspected
new_weekly_cases_hcw
cases_cum_suspected
hcw_cases_new
total_deaths_confirmed
hc_workers
pct_change_death_hcw
location__slug
pct_change_cases_hcw
total_deaths_suspected
new_weekly_deaths
hcw_cases_cum
pct_change_death
location__name
sit_rep__day_of_year
new_weekly_deaths_hcw
new_deaths_suspected
sit_rep__date
cases_cum_probable
total_deaths_all
hcw_deaths_new
pct_change_cases
cases_new_probable
