{"deaths": 41, "cases_cum_confirmed": 883, "hcw_deaths_cum": 85, "new_deaths_probable": null, "new_deaths_confirmed": null, "total_deaths_probable": 586, "CFR": "55", "cases_new_confirmed": 0, "cases_new_total": 84, "cases_cum": 3222, "cases_new_suspected": 43, "cases_cum_suspected": 901, "hcw_cases_new": 3, "total_deaths_confirmed": 709, "hc_workers": null, "location__slug": "national", "total_deaths_suspected": 381, "hcw_cases_cum": 179, "location__name": "National", "sit_rep__day_of_year": 263, "new_deaths_suspected": null, "sit_rep__date": "2014-09-20", "cases_cum_probable": 1438, "total_deaths_all": 1676, "hcw_deaths_new": 1, "cases_new_probable": 41}

deaths
cases_cum_confirmed
hcw_deaths_cum
new_deaths_probable
new_deaths_confirmed
total_deaths_probable
CFR
cases_new_confirmed
cases_new_total
cases_cum
cases_new_suspected
cases_cum_suspected
hcw_cases_new
total_deaths_confirmed
hc_workers
location__slug
total_deaths_suspected
hcw_cases_cum
location__name
sit_rep__day_of_year
new_deaths_suspected
sit_rep__date
cases_cum_probable
total_deaths_all
hcw_deaths_new
cases_new_probable
