{"cases": {"cases_cum_probable": [47, 72, 0, 45, 5, 0, 8, 449, 326, 5, 654, 134, 4, 3, 3], "cases_cum_confirmed": [33, 68, 0, 47, 6, 0, 6, 284, 39, 0, 357, 77, 3, 4, 4], "cases_cum_suspected": [7, 217, 1, 38, 6, 3, 6, 57, 284, 3, 560, 34, 12, 3, 7]}, "deaths": {"total_deaths_confirmed": [30, 14, 0, 21, 6, 0, 5, 191, 41, 0, 609, 49, 0, 3, 2], "total_deaths_suspected": [5, 79, 0, 7, 5, 2, 4, 38, 80, 4, 215, 14, 6, 2, 0], "total_deaths_probable": [33, 21, 0, 9, 3, 0, 4, 202, 126, 5, 205, 73, 0, 3, 0]}}
