[{"deaths": 30, "cases_cum_confirmed": 928, "hcw_deaths_cum": 92, "new_deaths_probable": null, "new_deaths_confirmed": null, "total_deaths_probable": 684, "CFR": "61", "new_weekly_cases": 782, "cases_new_confirmed": 2, "cases_new_total": 32, "cases_cum": 3921, "cases_new_suspected": 19, "new_weekly_cases_hcw": 11, "cases_cum_suspected": 1238, "hcw_cases_new": null, "total_deaths_confirmed": 971, "hc_workers": null, "pct_change_death_hcw": "N/A", "location__slug": "national", "pct_change_cases_hcw": 175.0, "total_deaths_suspected": 461, "new_weekly_deaths": 483, "hcw_cases_cum": 188, "pct_change_death": 1138.46, "location__name": "National", "sit_rep__day_of_year": 275, "new_weekly_deaths_hcw": 8, "new_deaths_suspected": null, "sit_rep__date": "2014-10-02", "cases_cum_probable": 1755, "total_deaths_all": 2116, "hcw_deaths_new": 0, "pct_change_cases": 1103.08, "cases_new_probable": 11}, {"deaths": 39, "cases_cum_confirmed": 883, "hcw_deaths_cum": 84, "new_deaths_probable": null, "new_deaths_confirmed": null, "total_deaths_probable": 576, "CFR": "55", "cases_new_confirmed": 16, "cases_new_total": 75, "cases_cum": 3139, "cases_new_suspected": 27, "cases_cum_suspected": 858, "hcw_cases_new": 4, "total_deaths_confirmed": 687, "hc_workers": null, "location__slug": "national", "total_deaths_suspected": 370, "hcw_cases_cum": 177, "location__name": "National", "sit_rep__day_of_year": 268, "new_deaths_suspected": null, "sit_rep__date": "2014-09-25", "cases_cum_probable": 1398, "total_deaths_all": 1633, "hcw_deaths_new": 0, "cases_new_probable": 32}, {"deaths": 19, "cases_cum_confirmed": 866, "hcw_deaths_cum": 84, "new_deaths_probable": null, "new_deaths_confirmed": null, "total_deaths_probable": 560, "CFR": "54", "cases_new_confirmed": 5, "cases_new_total": 41, "cases_cum": 3074, "cases_new_suspected": 10, "cases_cum_suspected": 832, "hcw_cases_new": 0, "total_deaths_confirmed": 669, "hc_workers": null, "location__slug": "national", "total_deaths_suspected": 365, "hcw_cases_cum": 173, "location__name": "National", "sit_rep__day_of_year": 261, "new_deaths_suspected": null, "sit_rep__date": "2014-09-18", "cases_cum_probable": 1376, "total_deaths_all": 1594, "hcw_deaths_new": 1, "cases_new_probable": 26}, {"deaths": 53, "cases_cum_confirmed": 790, "hcw_deaths_cum": 80, "new_deaths_probable": null, "new_deaths_confirmed": null, "total_deaths_probable": 484, "CFR": "55", "cases_new_confirmed": 0, "cases_new_total": 120, "cases_cum": 2527, "cases_new_suspected": 53, "cases_cum_suspected": 592, "hcw_cases_new": 1, "total_deaths_confirmed": 584, "hc_workers": null, "location__slug": "national", "total_deaths_suspected": 281, "hcw_cases_cum": 170, "location__name": "National", "sit_rep__day_of_year": 254, "new_deaths_suspected": null, "sit_rep__date": "2014-09-11", "cases_cum_probable": 1145, "total_deaths_all": 1349, "hcw_deaths_new": 0, "cases_new_probable": 67}, {"deaths": 36, "cases_cum_confirmed": 620, "hcw_deaths_cum": 76, "new_deaths_probable": null, "new_deaths_confirmed": null, "total_deaths_probable": 406, "CFR": "55", "cases_new_confirmed": 12, "cases_new_total": 52, "cases_cum": 1915, "cases_new_suspected": 14, "cases_cum_suspected": 383, "hcw_cases_new": 3, "total_deaths_confirmed": 444, "hc_workers": null, "location__slug": "national", "total_deaths_suspected": 264, "hcw_cases_cum": 156, "location__name": "National", "sit_rep__day_of_year": 247, "new_deaths_suspected": null, "sit_rep__date": "2014-09-04", "cases_cum_probable": 912, "total_deaths_all": 1114, "hcw_deaths_new": 0, "cases_new_probable": 26}, {"deaths": 29, "cases_cum_confirmed": 369, "hcw_deaths_cum": 73, "new_deaths_probable": null, "new_deaths_confirmed": null, "total_deaths_probable": 350, "CFR": "59", "cases_new_confirmed": 22, "cases_new_total": 61, "cases_cum": 1582, "cases_new_suspected": 14, "cases_cum_suspected": 460, "hcw_cases_new": 3, "total_deaths_confirmed": 321, "hc_workers": null, "location__slug": "national", "total_deaths_suspected": 214, "hcw_cases_cum": 140, "location__name": "National", "sit_rep__day_of_year": 240, "new_deaths_suspected": null, "sit_rep__date": "2014-08-28", "cases_cum_probable": 753, "total_deaths_all": 885, "hcw_deaths_new": 2, "cases_new_probable": 25}, {"deaths": 0, "cases_cum_confirmed": 0, "hcw_deaths_cum": 0, "new_deaths_probable": 0, "new_deaths_confirmed": 0, "total_deaths_probable": 0, "CFR": null, "cases_new_confirmed": 0, "cases_new_total": 0, "cases_cum": 0, "cases_new_suspected": 0, "cases_cum_suspected": 0, "hcw_cases_new": null, "total_deaths_confirmed": 0, "hc_workers": null, "location__slug": "national", "total_deaths_suspected": 0, "hcw_cases_cum": 0, "location__name": "National", "sit_rep__day_of_year": 233, "new_deaths_suspected": 0, "sit_rep__date": "2014-08-21", "cases_cum_probable": 0, "total_deaths_all": 0, "hcw_deaths_new": null, "cases_new_probable": 0}, {"deaths": 33, "cases_cum_confirmed": 193, "hcw_deaths_cum": 41, "new_deaths_probable": 4, "new_deaths_confirmed": 16, "total_deaths_probable": 194, "CFR": null, "cases_new_confirmed": 0, "cases_new_total": 29, "cases_cum": 818, "cases_new_suspected": 9, "cases_cum_suspected": 182, "hcw_cases_new": null, "total_deaths_confirmed": 170, "hc_workers": null, "location__slug": "national", "total_deaths_suspected": 82, "hcw_cases_cum": 92, "location__name": "National", "sit_rep__day_of_year": 226, "new_deaths_suspected": 13, "sit_rep__date": "2014-08-14", "cases_cum_probable": 443, "total_deaths_all": 446, "hcw_deaths_new": null, "cases_new_probable": 20}, {"deaths": 12, "cases_cum_confirmed": 155, "hcw_deaths_cum": 35, "new_deaths_probable": 4, "new_deaths_confirmed": 8, "total_deaths_probable": 121, "CFR": null, "cases_new_confirmed": 7, "cases_new_total": 33, "cases_cum": 587, "cases_new_suspected": 3, "cases_cum_suspected": 135, "hcw_cases_new": null, "total_deaths_confirmed": 140, "hc_workers": null, "location__slug": "national", "total_deaths_suspected": 45, "hcw_cases_cum": 78, "location__name": "National", "sit_rep__day_of_year": 219, "new_deaths_suspected": 0, "sit_rep__date": "2014-08-07", "cases_cum_probable": 297, "total_deaths_all": 306, "hcw_deaths_new": null, "cases_new_probable": 23}, {"deaths": 55, "cases_cum_confirmed": 109, "hcw_deaths_cum": 37, "new_deaths_probable": 17, "new_deaths_confirmed": 25, "total_deaths_probable": 93, "CFR": null, "cases_new_confirmed": 8, "cases_new_total": 74, "cases_cum": 434, "cases_new_suspected": 0, "cases_cum_suspected": 101, "hcw_cases_new": null, "total_deaths_confirmed": 107, "hc_workers": null, "location__slug": "national", "total_deaths_suspected": 36, "hcw_cases_cum": 61, "location__name": "National", "sit_rep__day_of_year": 212, "new_deaths_suspected": 13, "sit_rep__date": "2014-07-31", "cases_cum_probable": 224, "total_deaths_all": 236, "hcw_deaths_new": null, "cases_new_probable": 66}, {"deaths": 6, "cases_cum_confirmed": 92, "hcw_deaths_cum": 17, "new_deaths_probable": 4, "new_deaths_confirmed": 1, "total_deaths_probable": 61, "CFR": null, "cases_new_confirmed": 5, "cases_new_total": 30, "cases_cum": 296, "cases_new_suspected": 9, "cases_cum_suspected": 91, "hcw_cases_new": null, "total_deaths_confirmed": 66, "hc_workers": null, "location__slug": "national", "total_deaths_suspected": 20, "hcw_cases_cum": 39, "location__name": "National", "sit_rep__day_of_year": 205, "new_deaths_suspected": 1, "sit_rep__date": "2014-07-24", "cases_cum_probable": 113, "total_deaths_all": 147, "hcw_deaths_new": null, "cases_new_probable": 16}, {"deaths": 3, "cases_cum_confirmed": 76, "hcw_deaths_cum": 11, "new_deaths_probable": 3, "new_deaths_confirmed": 0, "total_deaths_probable": 40, "CFR": null, "cases_new_confirmed": 3, "cases_new_total": 9, "cases_cum": 196, "cases_new_suspected": 1, "cases_cum_suspected": 64, "hcw_cases_new": null, "total_deaths_confirmed": 54, "hc_workers": null, "location__slug": "national", "total_deaths_suspected": 25, "hcw_cases_cum": 18, "location__name": "National", "sit_rep__day_of_year": 198, "new_deaths_suspected": 0, "sit_rep__date": "2014-07-17", "cases_cum_probable": 56, "total_deaths_all": 119, "hcw_deaths_new": null, "cases_new_probable": 5}, {"deaths": 4, "cases_cum_confirmed": 70, "hcw_deaths_cum": 11, "new_deaths_probable": 1, "new_deaths_confirmed": 2, "total_deaths_probable": 30, "CFR": null, "cases_new_confirmed": 0, "cases_new_total": 3, "cases_cum": 145, "cases_new_suspected": 2, "cases_cum_suspected": 42, "hcw_cases_new": null, "total_deaths_confirmed": 46, "hc_workers": null, "location__slug": "national", "total_deaths_suspected": 20, "hcw_cases_cum": 12, "location__name": "National", "sit_rep__day_of_year": 191, "new_deaths_suspected": 1, "sit_rep__date": "2014-07-10", "cases_cum_probable": 33, "total_deaths_all": 96, "hcw_deaths_new": null, "cases_new_probable": 1}, {"deaths": 15, "cases_cum_confirmed": 55, "hcw_deaths_cum": 11, "new_deaths_probable": 2, "new_deaths_confirmed": 1, "total_deaths_probable": 24, "CFR": null, "cases_new_confirmed": 1, "cases_new_total": 4, "cases_cum": 116, "cases_new_suspected": 1, "cases_cum_suspected": 35, "hcw_cases_new": null, "total_deaths_confirmed": 39, "hc_workers": null, "location__slug": "national", "total_deaths_suspected": 18, "hcw_cases_cum": 12, "location__name": "National", "sit_rep__day_of_year": 184, "new_deaths_suspected": 1, "sit_rep__date": "2014-07-03", "cases_cum_probable": 26, "total_deaths_all": 81, "hcw_deaths_new": null, "cases_new_probable": 2}, {"deaths": 0, "cases_cum_confirmed": 39, "hcw_deaths_cum": 4, "new_deaths_probable": 0, "new_deaths_confirmed": 0, "total_deaths_probable": 10, "CFR": null, "cases_new_confirmed": 0, "cases_new_total": 0, "cases_cum": 63, "cases_new_suspected": 0, "cases_cum_suspected": 14, "hcw_cases_new": null, "total_deaths_confirmed": 25, "hc_workers": null, "location__slug": "national", "total_deaths_suspected": 6, "hcw_cases_cum": 4, "location__name": "National", "sit_rep__day_of_year": 177, "new_deaths_suspected": 0, "sit_rep__date": "2014-06-26", "cases_cum_probable": 10, "total_deaths_all": 41, "hcw_deaths_new": null, "cases_new_probable": 0}, {"deaths": 1, "cases_cum_confirmed": 24, "hcw_deaths_cum": 3, "new_deaths_probable": 1, "new_deaths_confirmed": 1, "total_deaths_probable": 9, "CFR": null, "cases_new_confirmed": 6, "cases_new_total": 7, "cases_cum": 41, "cases_new_suspected": 0, "cases_cum_suspected": 8, "hcw_cases_new": null, "total_deaths_confirmed": 15, "hc_workers": null, "location__slug": "national", "total_deaths_suspected": 1, "hcw_cases_cum": 3, "location__name": "National", "sit_rep__day_of_year": 170, "new_deaths_suspected": -1, "sit_rep__date": "2014-06-19", "cases_cum_probable": 9, "total_deaths_all": 25, "hcw_deaths_new": null, "cases_new_probable": 1}, {"deaths": 0, "cases_cum_confirmed": 11, "hcw_deaths_cum": 2, "new_deaths_probable": 0, "new_deaths_confirmed": 0, "total_deaths_probable": 3, "CFR": null, "cases_new_confirmed": 0, "cases_new_total": 0, "cases_cum": 30, "cases_new_suspected": 0, "cases_cum_suspected": 16, "hcw_cases_new": null, "total_deaths_confirmed": 7, "hc_workers": null, "location__slug": "national", "total_deaths_suspected": 7, "hcw_cases_cum": 2, "location__name": "National", "sit_rep__day_of_year": 163, "new_deaths_suspected": 0, "sit_rep__date": "2014-06-12", "cases_cum_probable": 3, "total_deaths_all": 15, "hcw_deaths_new": null, "cases_new_probable": 0}, {"deaths": 0, "cases_cum_confirmed": 6, "hcw_deaths_cum": 2, "new_deaths_probable": 0, "new_deaths_confirmed": 0, "total_deaths_probable": 2, "CFR": null, "cases_new_confirmed": 0, "cases_new_total": 0, "cases_cum": 13, "cases_new_suspected": 0, "cases_cum_suspected": 5, "hcw_cases_new": null, "total_deaths_confirmed": 6, "hc_workers": null, "location__slug": "national", "total_deaths_suspected": 2, "hcw_cases_cum": 2, "location__name": "National", "sit_rep__day_of_year": 156, "new_deaths_suspected": 0, "sit_rep__date": "2014-06-05", "cases_cum_probable": 2, "total_deaths_all": 12, "hcw_deaths_new": null, "cases_new_probable": 0}, {"deaths": -1, "cases_cum_confirmed": 6, "hcw_deaths_cum": 2, "new_deaths_probable": 0, "new_deaths_confirmed": 0, "total_deaths_probable": 2, "CFR": null, "cases_new_confirmed": 0, "cases_new_total": 1, "cases_cum": 13, "cases_new_suspected": 1, "cases_cum_suspected": 5, "hcw_cases_new": null, "total_deaths_confirmed": 6, "hc_workers": null, "location__slug": "national", "total_deaths_suspected": 2, "hcw_cases_cum": 2, "location__name": "National", "sit_rep__day_of_year": 149, "new_deaths_suspected": 1, "sit_rep__date": "2014-05-29", "cases_cum_probable": 2, "total_deaths_all": 10, "hcw_deaths_new": null, "cases_new_probable": 0}, {"deaths": 0, "cases_cum_confirmed": 6, "hcw_deaths_cum": 2, "new_deaths_probable": 0, "new_deaths_confirmed": 0, "total_deaths_probable": 2, "CFR": null, "cases_new_confirmed": 0, "cases_new_total": 0, "cases_cum": 12, "cases_new_suspected": 0, "cases_cum_suspected": 4, "hcw_cases_new": null, "total_deaths_confirmed": 6, "hc_workers": null, "location__slug": "national", "total_deaths_suspected": 1, "hcw_cases_cum": 2, "location__name": "National", "sit_rep__day_of_year": 142, "new_deaths_suspected": 0, "sit_rep__date": "2014-05-22", "cases_cum_probable": 2, "total_deaths_all": 11, "hcw_deaths_new": null, "cases_new_probable": 0}, {"deaths": 0, "cases_cum_confirmed": 6, "hcw_deaths_cum": 2, "new_deaths_probable": 0, "new_deaths_confirmed": 0, "total_deaths_probable": 2, "CFR": null, "cases_new_confirmed": 0, "cases_new_total": 0, "cases_cum": 12, "cases_new_suspected": 0, "cases_cum_suspected": 4, "hcw_cases_new": null, "total_deaths_confirmed": 6, "hc_workers": null, "location__slug": "national", "total_deaths_suspected": 3, "hcw_cases_cum": 2, "location__name": "National", "sit_rep__day_of_year": 135, "new_deaths_suspected": 0, "sit_rep__date": "2014-05-15", "cases_cum_probable": 2, "total_deaths_all": 11, "hcw_deaths_new": null, "cases_new_probable": 0}, {"deaths": 0, "cases_cum_confirmed": 6, "hcw_deaths_cum": 2, "new_deaths_probable": 0, "new_deaths_confirmed": 0, "total_deaths_probable": 2, "CFR": null, "cases_new_confirmed": 0, "cases_new_total": 0, "cases_cum": 13, "cases_new_suspected": 0, "cases_cum_suspected": 5, "hcw_cases_new": null, "total_deaths_confirmed": 6, "hc_workers": null, "location__slug": "national", "total_deaths_suspected": 3, "hcw_cases_cum": 2, "location__name": "National", "sit_rep__day_of_year": 128, "new_deaths_suspected": 0, "sit_rep__date": "2014-05-08", "cases_cum_probable": 2, "total_deaths_all": 11, "hcw_deaths_new": null, "cases_new_probable": 0}, {"deaths": 0, "cases_cum_confirmed": 6, "hcw_deaths_cum": 2, "new_deaths_probable": 0, "new_deaths_confirmed": 0, "total_deaths_probable": 2, "CFR": null, "cases_new_confirmed": 0, "cases_new_total": 0, "cases_cum": 35, "cases_new_suspected": 0, "cases_cum_suspected": 27, "hcw_cases_new": null, "total_deaths_confirmed": 6, "hc_workers": null, "location__slug": "national", "total_deaths_suspected": 3, "hcw_cases_cum": 2, "location__name": "National", "sit_rep__day_of_year": 121, "new_deaths_suspected": 0, "sit_rep__date": "2014-05-01", "cases_cum_probable": 2, "total_deaths_all": 11, "hcw_deaths_new": null, "cases_new_probable": 0}, {"deaths": 0, "cases_cum_confirmed": 6, "hcw_deaths_cum": 2, "new_deaths_probable": 0, "new_deaths_confirmed": 0, "total_deaths_probable": 2, "CFR": null, "cases_new_confirmed": 0, "cases_new_total": 1, "cases_cum": 35, "cases_new_suspected": 2, "cases_cum_suspected": 27, "hcw_cases_new": null, "total_deaths_confirmed": 6, "hc_workers": null, "location__slug": "national", "total_deaths_suspected": 3, "hcw_cases_cum": 2, "location__name": "National", "sit_rep__day_of_year": 114, "new_deaths_suspected": 2, "sit_rep__date": "2014-04-24", "cases_cum_probable": 2, "total_deaths_all": 11, "hcw_deaths_new": null, "cases_new_probable": 0}, {"deaths": 0, "cases_cum_confirmed": 6, "hcw_deaths_cum": 0, "new_deaths_probable": 0, "new_deaths_confirmed": 0, "total_deaths_probable": 0, "CFR": null, "cases_new_confirmed": 0, "cases_new_total": 0, "cases_cum": 27, "cases_new_suspected": 0, "cases_cum_suspected": 20, "hcw_cases_new": null, "total_deaths_confirmed": 0, "hc_workers": null, "location__slug": "national", "total_deaths_suspected": 0, "hcw_cases_cum": 0, "location__name": "National", "sit_rep__day_of_year": 107, "new_deaths_suspected": 0, "sit_rep__date": "2014-04-17", "cases_cum_probable": 0, "total_deaths_all": 13, "hcw_deaths_new": null, "cases_new_probable": 0}, {"deaths": 0, "cases_cum_confirmed": 5, "hcw_deaths_cum": 0, "new_deaths_probable": 0, "new_deaths_confirmed": 0, "total_deaths_probable": 0, "CFR": null, "cases_new_confirmed": 0, "cases_new_total": 3, "cases_cum": 25, "cases_new_suspected": 0, "cases_cum_suspected": 20, "hcw_cases_new": null, "total_deaths_confirmed": 0, "hc_workers": null, "location__slug": "national", "total_deaths_suspected": 0, "hcw_cases_cum": 0, "location__name": "National", "sit_rep__day_of_year": 100, "new_deaths_suspected": 0, "sit_rep__date": "2014-04-10", "cases_cum_probable": 0, "total_deaths_all": 12, "hcw_deaths_new": null, "cases_new_probable": 0}, {"deaths": 0, "cases_cum_confirmed": 2, "hcw_deaths_cum": 0, "new_deaths_probable": 0, "new_deaths_confirmed": 0, "total_deaths_probable": 0, "CFR": null, "cases_new_confirmed": 0, "cases_new_total": 0, "cases_cum": 14, "cases_new_suspected": 0, "cases_cum_suspected": 12, "hcw_cases_new": null, "total_deaths_confirmed": 0, "hc_workers": null, "location__slug": "national", "total_deaths_suspected": 0, "hcw_cases_cum": 0, "location__name": "National", "sit_rep__day_of_year": 93, "new_deaths_suspected": 0, "sit_rep__date": "2014-04-03", "cases_cum_probable": 0, "total_deaths_all": 4, "hcw_deaths_new": null, "cases_new_probable": 0}, {"deaths": 0, "cases_cum_confirmed": 0, "hcw_deaths_cum": 0, "new_deaths_probable": 0, "new_deaths_confirmed": 0, "total_deaths_probable": 0, "CFR": null, "cases_new_confirmed": 0, "cases_new_total": 0, "cases_cum": 8, "cases_new_suspected": 0, "cases_cum_suspected": 8, "hcw_cases_new": null, "total_deaths_confirmed": 0, "hc_workers": null, "location__slug": "national", "total_deaths_suspected": 0, "hcw_cases_cum": 0, "location__name": "National", "sit_rep__day_of_year": 86, "new_deaths_suspected": 0, "sit_rep__date": "2014-03-27", "cases_cum_probable": 0, "total_deaths_all": 4, "hcw_deaths_new": null, "cases_new_probable": 0}]
