[{"cases_new_confirmed": 3, "total_deaths_confirmed": 414, "new_deaths_suspected": null, "deaths": 47, "cases_new_total": 76, "cases_cum_probable": 883, "cases_cum_confirmed": 590, "total_deaths_suspected": 247, "cases_new_suspected": 35, "total_deaths_all": 1051, "cases_cum_suspected": 366, "date": "2014-09-02", "new_deaths_probable": null, "new_deaths_confirmed": null, "total_deaths_probable": 390, "cases_new_probable": 38, "cases_cum": 1839}, {"cases_new_confirmed": 14, "total_deaths_confirmed": 390, "new_deaths_suspected": null, "deaths": 34, "cases_new_total": 73, "cases_cum_probable": 845, "cases_cum_confirmed": 406, "total_deaths_suspected": 235, "cases_new_suspected": 27, "total_deaths_all": 1004, "cases_cum_suspected": 512, "date": "2014-09-01", "new_deaths_probable": null, "new_deaths_confirmed": null, "total_deaths_probable": 379, "cases_new_probable": 32, "cases_cum": 1763}, {"cases_new_confirmed": 0, "total_deaths_confirmed": 372, "new_deaths_suspected": null, "deaths": 21, "cases_new_total": 17, "cases_cum_probable": 813, "cases_cum_confirmed": 392, "total_deaths_suspected": 226, "cases_new_suspected": 5, "total_deaths_all": 970, "cases_cum_suspected": 485, "date": "2014-08-31", "new_deaths_probable": null, "new_deaths_confirmed": null, "total_deaths_probable": 372, "cases_new_probable": 12, "cases_cum": 1690}, {"cases_new_confirmed": 0, "total_deaths_confirmed": 354, "new_deaths_suspected": null, "deaths": 34, "cases_new_total": 42, "cases_cum_probable": 801, "cases_cum_confirmed": 392, "total_deaths_suspected": 226, "cases_new_suspected": 7, "total_deaths_all": 949, "cases_cum_suspected": 480, "date": "2014-08-30", "new_deaths_probable": null, "new_deaths_confirmed": null, "total_deaths_probable": 369, "cases_new_probable": 35, "cases_cum": 1673}, {"cases_new_confirmed": 23, "total_deaths_confirmed": 326, "new_deaths_suspected": null, "deaths": 23, "cases_new_total": 69, "cases_cum_probable": 766, "cases_cum_confirmed": 392, "total_deaths_suspected": 222, "cases_new_suspected": 13, "total_deaths_all": 907, "cases_cum_suspected": 473, "date": "2014-08-29", "new_deaths_probable": null, "new_deaths_confirmed": null, "total_deaths_probable": 359, "cases_new_probable": 33, "cases_cum": 1631}, {"cases_new_confirmed": 22, "total_deaths_confirmed": 321, "new_deaths_suspected": null, "deaths": 29, "cases_new_total": 61, "cases_cum_probable": 753, "cases_cum_confirmed": 369, "total_deaths_suspected": 214, "cases_new_suspected": 14, "total_deaths_all": 885, "cases_cum_suspected": 460, "date": "2014-08-28", "new_deaths_probable": null, "new_deaths_confirmed": null, "total_deaths_probable": 350, "cases_new_probable": 25, "cases_cum": 1582}, {"cases_new_confirmed": 1, "total_deaths_confirmed": 318, "new_deaths_suspected": null, "deaths": 22, "cases_new_total": 55, "cases_cum_probable": 749, "cases_cum_confirmed": 347, "total_deaths_suspected": 203, "cases_new_suspected": 10, "total_deaths_all": 855, "cases_cum_suspected": 446, "date": "2014-08-27", "new_deaths_probable": null, "new_deaths_confirmed": null, "total_deaths_probable": 334, "cases_new_probable": 44, "cases_cum": 1542}, {"cases_new_confirmed": 19, "total_deaths_confirmed": 307, "new_deaths_suspected": null, "deaths": 52, "cases_new_total": 84, "cases_cum_probable": 696, "cases_cum_confirmed": 342, "total_deaths_suspected": 194, "cases_new_suspected": 28, "total_deaths_all": 823, "cases_cum_suspected": 425, "date": "2014-08-26", "new_deaths_probable": null, "new_deaths_confirmed": null, "total_deaths_probable": 322, "cases_new_probable": 37, "cases_cum": 1463}, {"cases_new_confirmed": 0, "total_deaths_confirmed": 280, "new_deaths_suspected": null, "deaths": 28, "cases_new_total": 29, "cases_cum_probable": 675, "cases_cum_confirmed": 322, "total_deaths_suspected": 182, "cases_new_suspected": 16, "total_deaths_all": 771, "cases_cum_suspected": 398, "date": "2014-08-25", "new_deaths_probable": null, "new_deaths_confirmed": null, "total_deaths_probable": 309, "cases_new_probable": 13, "cases_cum": 1395}, {"cases_new_confirmed": 11, "total_deaths_confirmed": 279, "new_deaths_suspected": 0, "deaths": 31, "cases_new_total": 89, "cases_cum_probable": 676, "cases_cum_confirmed": 328, "total_deaths_suspected": 172, "cases_new_suspected": 39, "total_deaths_all": 754, "cases_cum_suspected": 382, "date": "2014-08-24", "new_deaths_probable": 0, "new_deaths_confirmed": 0, "total_deaths_probable": 303, "cases_new_probable": 39, "cases_cum": 1386}, {"cases_new_confirmed": 0, "total_deaths_confirmed": 0, "new_deaths_suspected": 0, "deaths": 0, "cases_new_total": 0, "cases_cum_probable": 0, "cases_cum_confirmed": 0, "total_deaths_suspected": 0, "cases_new_suspected": 0, "total_deaths_all": 0, "cases_cum_suspected": 0, "date": "2014-08-23", "new_deaths_probable": 0, "new_deaths_confirmed": 0, "total_deaths_probable": 0, "cases_new_probable": 0, "cases_cum": 0}, {"cases_new_confirmed": 24, "total_deaths_confirmed": 256, "new_deaths_suspected": 0, "deaths": 35, "cases_new_total": 95, "cases_cum_probable": 626, "cases_cum_confirmed": 293, "total_deaths_suspected": 157, "cases_new_suspected": 23, "total_deaths_all": 697, "cases_cum_suspected": 342, "date": "2014-08-22", "new_deaths_probable": 0, "new_deaths_confirmed": 0, "total_deaths_probable": 284, "cases_new_probable": 48, "cases_cum": 1261}, {"cases_new_confirmed": 0, "total_deaths_confirmed": 0, "new_deaths_suspected": 0, "deaths": 0, "cases_new_total": 0, "cases_cum_probable": 0, "cases_cum_confirmed": 0, "total_deaths_suspected": 0, "cases_new_suspected": 0, "total_deaths_all": 0, "cases_cum_suspected": 0, "date": "2014-08-21", "new_deaths_probable": 0, "new_deaths_confirmed": 0, "total_deaths_probable": 0, "cases_new_probable": 0, "cases_cum": 0}, {"cases_new_confirmed": 18, "total_deaths_confirmed": 222, "new_deaths_suspected": 6, "deaths": 23, "cases_new_total": 65, "cases_cum_probable": 554, "cases_cum_confirmed": 269, "total_deaths_suspected": 135, "cases_new_suspected": 20, "total_deaths_all": 624, "cases_cum_suspected": 259, "date": "2014-08-20", "new_deaths_probable": 15, "new_deaths_confirmed": 5, "total_deaths_probable": 267, "cases_new_probable": 27, "cases_cum": 1082}, {"cases_new_confirmed": 0, "total_deaths_confirmed": 217, "new_deaths_suspected": 4, "deaths": 20, "cases_new_total": 60, "cases_cum_probable": 541, "cases_cum_confirmed": 250, "total_deaths_suspected": 129, "cases_new_suspected": 13, "total_deaths_all": 598, "cases_cum_suspected": 241, "date": "2014-08-19", "new_deaths_probable": 13, "new_deaths_confirmed": 5, "total_deaths_probable": 252, "cases_new_probable": 47, "cases_cum": 1032}, {"cases_new_confirmed": 2, "total_deaths_confirmed": 212, "new_deaths_suspected": 25, "deaths": 30, "cases_new_total": 56, "cases_cum_probable": 502, "cases_cum_confirmed": 242, "total_deaths_suspected": 125, "cases_new_suspected": 19, "total_deaths_all": 576, "cases_cum_suspected": 228, "date": "2014-08-18", "new_deaths_probable": 33, "new_deaths_confirmed": 26, "total_deaths_probable": 239, "cases_new_probable": 35, "cases_cum": 972}, {"cases_new_confirmed": 0, "total_deaths_confirmed": 186, "new_deaths_suspected": 7, "deaths": 11, "cases_new_total": 24, "cases_cum_probable": 444, "cases_cum_confirmed": 214, "total_deaths_suspected": 100, "cases_new_suspected": 14, "total_deaths_all": 492, "cases_cum_suspected": 212, "date": "2014-08-17", "new_deaths_probable": 1, "new_deaths_confirmed": 3, "total_deaths_probable": 206, "cases_new_probable": 10, "cases_cum": 870}, {"cases_new_confirmed": 0, "total_deaths_confirmed": 183, "new_deaths_suspected": 7, "deaths": 15, "cases_new_total": 34, "cases_cum_probable": 448, "cases_cum_confirmed": 200, "total_deaths_suspected": 93, "cases_new_suspected": 8, "total_deaths_all": 481, "cases_cum_suspected": 198, "date": "2014-08-16", "new_deaths_probable": 3, "new_deaths_confirmed": 5, "total_deaths_probable": 205, "cases_new_probable": 26, "cases_cum": 846}, {"cases_new_confirmed": 4, "total_deaths_confirmed": 178, "new_deaths_suspected": 4, "deaths": 17, "cases_new_total": 19, "cases_cum_probable": 444, "cases_cum_confirmed": 200, "total_deaths_suspected": 86, "cases_new_suspected": 10, "total_deaths_all": 466, "cases_cum_suspected": 190, "date": "2014-08-15", "new_deaths_probable": 8, "new_deaths_confirmed": 8, "total_deaths_probable": 202, "cases_new_probable": 5, "cases_cum": 834}, {"cases_new_confirmed": 0, "total_deaths_confirmed": 170, "new_deaths_suspected": 13, "deaths": 33, "cases_new_total": 29, "cases_cum_probable": 443, "cases_cum_confirmed": 193, "total_deaths_suspected": 82, "cases_new_suspected": 9, "total_deaths_all": 446, "cases_cum_suspected": 182, "date": "2014-08-14", "new_deaths_probable": 4, "new_deaths_confirmed": 16, "total_deaths_probable": 194, "cases_new_probable": 20, "cases_cum": 818}, {"cases_new_confirmed": 0, "total_deaths_confirmed": 154, "new_deaths_suspected": 15, "deaths": 29, "cases_new_total": 57, "cases_cum_probable": 423, "cases_cum_confirmed": 190, "total_deaths_suspected": 69, "cases_new_suspected": 18, "total_deaths_all": 413, "cases_cum_suspected": 173, "date": "2014-08-13", "new_deaths_probable": 32, "new_deaths_confirmed": 2, "total_deaths_probable": 190, "cases_new_probable": 39, "cases_cum": 786}, {"cases_new_confirmed": 2, "total_deaths_confirmed": 152, "new_deaths_suspected": 0, "deaths": 29, "cases_new_total": 60, "cases_cum_probable": 367, "cases_cum_confirmed": 166, "total_deaths_suspected": 54, "cases_new_suspected": 9, "total_deaths_all": 364, "cases_cum_suspected": 155, "date": "2014-08-12", "new_deaths_probable": 0, "new_deaths_confirmed": 0, "total_deaths_probable": 158, "cases_new_probable": 49, "cases_cum": 688}, {"cases_new_confirmed": 0, "total_deaths_confirmed": 0, "new_deaths_suspected": 0, "deaths": 0, "cases_new_total": 0, "cases_cum_probable": 0, "cases_cum_confirmed": 0, "total_deaths_suspected": 0, "cases_new_suspected": 0, "total_deaths_all": 0, "cases_cum_suspected": 0, "date": "2014-08-11", "new_deaths_probable": 0, "new_deaths_confirmed": 0, "total_deaths_probable": 0, "cases_new_probable": 0, "cases_cum": 0}, {"cases_new_confirmed": 0, "total_deaths_confirmed": 0, "new_deaths_suspected": 0, "deaths": 0, "cases_new_total": 0, "cases_cum_probable": 0, "cases_cum_confirmed": 0, "total_deaths_suspected": 0, "cases_new_suspected": 0, "total_deaths_all": 0, "cases_cum_suspected": 0, "date": "2014-08-10", "new_deaths_probable": 0, "new_deaths_confirmed": 0, "total_deaths_probable": 0, "cases_new_probable": 0, "cases_cum": 0}, {"cases_new_confirmed": 0, "total_deaths_confirmed": 146, "new_deaths_suspected": 4, "deaths": 9, "cases_new_total": 3, "cases_cum_probable": 306, "cases_cum_confirmed": 158, "total_deaths_suspected": 52, "cases_new_suspected": 1, "total_deaths_all": 323, "cases_cum_suspected": 135, "date": "2014-08-09", "new_deaths_probable": 1, "new_deaths_confirmed": 4, "total_deaths_probable": 125, "cases_new_probable": 2, "cases_cum": 599}, {"cases_new_confirmed": 0, "total_deaths_confirmed": 142, "new_deaths_suspected": 3, "deaths": 8, "cases_new_total": 12, "cases_cum_probable": 306, "cases_cum_confirmed": 155, "total_deaths_suspected": 48, "cases_new_suspected": 3, "total_deaths_all": 314, "cases_cum_suspected": 138, "date": "2014-08-08", "new_deaths_probable": 3, "new_deaths_confirmed": 2, "total_deaths_probable": 124, "cases_new_probable": 9, "cases_cum": 599}, {"cases_new_confirmed": 7, "total_deaths_confirmed": 140, "new_deaths_suspected": 0, "deaths": 12, "cases_new_total": 33, "cases_cum_probable": 297, "cases_cum_confirmed": 155, "total_deaths_suspected": 45, "cases_new_suspected": 3, "total_deaths_all": 306, "cases_cum_suspected": 135, "date": "2014-08-07", "new_deaths_probable": 4, "new_deaths_confirmed": 8, "total_deaths_probable": 121, "cases_new_probable": 23, "cases_cum": 587}, {"cases_new_confirmed": 5, "total_deaths_confirmed": 132, "new_deaths_suspected": 1, "deaths": 12, "cases_new_total": 38, "cases_cum_probable": 274, "cases_cum_confirmed": 148, "total_deaths_suspected": 45, "cases_new_suspected": 11, "total_deaths_all": 294, "cases_cum_suspected": 132, "date": "2014-08-06", "new_deaths_probable": 7, "new_deaths_confirmed": 4, "total_deaths_probable": 117, "cases_new_probable": 22, "cases_cum": 554}, {"cases_new_confirmed": 0, "total_deaths_confirmed": 0, "new_deaths_suspected": 0, "deaths": 0, "cases_new_total": 0, "cases_cum_probable": 0, "cases_cum_confirmed": 0, "total_deaths_suspected": 0, "cases_new_suspected": 0, "total_deaths_all": 0, "cases_cum_suspected": 0, "date": "2014-08-05", "new_deaths_probable": 0, "new_deaths_confirmed": 0, "total_deaths_probable": 0, "cases_new_probable": 0, "cases_cum": 0}, {"cases_new_confirmed": 5, "total_deaths_confirmed": 128, "new_deaths_suspected": 1, "deaths": 14, "cases_new_total": 37, "cases_cum_probable": 252, "cases_cum_confirmed": 143, "total_deaths_suspected": 44, "cases_new_suspected": 14, "total_deaths_all": 282, "cases_cum_suspected": 121, "date": "2014-08-04", "new_deaths_probable": 9, "new_deaths_confirmed": 4, "total_deaths_probable": 110, "cases_new_probable": 18, "cases_cum": 516}, {"cases_new_confirmed": 0, "total_deaths_confirmed": 0, "new_deaths_suspected": 0, "deaths": 0, "cases_new_total": 0, "cases_cum_probable": 0, "cases_cum_confirmed": 0, "total_deaths_suspected": 0, "cases_new_suspected": 0, "total_deaths_all": 0, "cases_cum_suspected": 0, "date": "2014-08-03", "new_deaths_probable": 0, "new_deaths_confirmed": 0, "total_deaths_probable": 0, "cases_new_probable": 0, "cases_cum": 0}, {"cases_new_confirmed": 9, "total_deaths_confirmed": 124, "new_deaths_suspected": 2, "deaths": 13, "cases_new_total": 11, "cases_cum_probable": 234, "cases_cum_confirmed": 138, "total_deaths_suspected": 43, "cases_new_suspected": 2, "total_deaths_all": 268, "cases_cum_suspected": 107, "date": "2014-08-02", "new_deaths_probable": 4, "new_deaths_confirmed": 7, "total_deaths_probable": 101, "cases_new_probable": 0, "cases_cum": 479}, {"cases_new_confirmed": 20, "total_deaths_confirmed": 117, "new_deaths_suspected": 5, "deaths": 19, "cases_new_total": 34, "cases_cum_probable": 234, "cases_cum_confirmed": 129, "total_deaths_suspected": 41, "cases_new_suspected": 4, "total_deaths_all": 255, "cases_cum_suspected": 105, "date": "2014-08-01", "new_deaths_probable": 4, "new_deaths_confirmed": 10, "total_deaths_probable": 97, "cases_new_probable": 10, "cases_cum": 468}, {"cases_new_confirmed": 8, "total_deaths_confirmed": 107, "new_deaths_suspected": 13, "deaths": 55, "cases_new_total": 74, "cases_cum_probable": 224, "cases_cum_confirmed": 109, "total_deaths_suspected": 36, "cases_new_suspected": 0, "total_deaths_all": 236, "cases_cum_suspected": 101, "date": "2014-07-31", "new_deaths_probable": 17, "new_deaths_confirmed": 25, "total_deaths_probable": 93, "cases_new_probable": 66, "cases_cum": 434}, {"cases_new_confirmed": 0, "total_deaths_confirmed": 0, "new_deaths_suspected": 0, "deaths": 0, "cases_new_total": 65, "cases_cum_probable": 0, "cases_cum_confirmed": 0, "total_deaths_suspected": 0, "cases_new_suspected": 0, "total_deaths_all": 234, "cases_cum_suspected": 0, "date": "2014-07-30", "new_deaths_probable": 0, "new_deaths_confirmed": 0, "total_deaths_probable": 0, "cases_new_probable": 0, "cases_cum": 0}, {"cases_new_confirmed": 0, "total_deaths_confirmed": 0, "new_deaths_suspected": 0, "deaths": 0, "cases_new_total": 0, "cases_cum_probable": 0, "cases_cum_confirmed": 0, "total_deaths_suspected": 0, "cases_new_suspected": 0, "total_deaths_all": 0, "cases_cum_suspected": 0, "date": "2014-07-29", "new_deaths_probable": 0, "new_deaths_confirmed": 0, "total_deaths_probable": 0, "cases_new_probable": 0, "cases_cum": 0}, {"cases_new_confirmed": 3, "total_deaths_confirmed": 82, "new_deaths_suspected": 1, "deaths": 25, "cases_new_total": 45, "cases_cum_probable": 158, "cases_cum_confirmed": 101, "total_deaths_suspected": 23, "cases_new_suspected": 0, "total_deaths_all": 181, "cases_cum_suspected": 101, "date": "2014-07-28", "new_deaths_probable": 14, "new_deaths_confirmed": 10, "total_deaths_probable": 76, "cases_new_probable": 42, "cases_cum": 360}, {"cases_new_confirmed": 0, "total_deaths_confirmed": 0, "new_deaths_suspected": 0, "deaths": 0, "cases_new_total": 0, "cases_cum_probable": 0, "cases_cum_confirmed": 0, "total_deaths_suspected": 0, "cases_new_suspected": 0, "total_deaths_all": 0, "cases_cum_suspected": 0, "date": "2014-07-27", "new_deaths_probable": 0, "new_deaths_confirmed": 0, "total_deaths_probable": 0, "cases_new_probable": 0, "cases_cum": 0}, {"cases_new_confirmed": 6, "total_deaths_confirmed": 72, "new_deaths_suspected": 2, "deaths": 9, "cases_new_total": 19, "cases_cum_probable": 116, "cases_cum_confirmed": 98, "total_deaths_suspected": 22, "cases_new_suspected": 10, "total_deaths_all": 156, "cases_cum_suspected": 101, "date": "2014-07-26", "new_deaths_probable": 1, "new_deaths_confirmed": 6, "total_deaths_probable": 62, "cases_new_probable": 3, "cases_cum": 315}, {"cases_new_confirmed": 0, "total_deaths_confirmed": 0, "new_deaths_suspected": 0, "deaths": 0, "cases_new_total": 0, "cases_cum_probable": 0, "cases_cum_confirmed": 0, "total_deaths_suspected": 0, "cases_new_suspected": 0, "total_deaths_all": 0, "cases_cum_suspected": 0, "date": "2014-07-25", "new_deaths_probable": 0, "new_deaths_confirmed": 0, "total_deaths_probable": 0, "cases_new_probable": 0, "cases_cum": 0}, {"cases_new_confirmed": 5, "total_deaths_confirmed": 66, "new_deaths_suspected": 1, "deaths": 6, "cases_new_total": 30, "cases_cum_probable": 113, "cases_cum_confirmed": 92, "total_deaths_suspected": 20, "cases_new_suspected": 9, "total_deaths_all": 147, "cases_cum_suspected": 91, "date": "2014-07-24", "new_deaths_probable": 4, "new_deaths_confirmed": 1, "total_deaths_probable": 61, "cases_new_probable": 16, "cases_cum": 296}, {"cases_new_confirmed": 3, "total_deaths_confirmed": 65, "new_deaths_suspected": 0, "deaths": 12, "cases_new_total": 17, "cases_cum_probable": 97, "cases_cum_confirmed": 87, "total_deaths_suspected": 19, "cases_new_suspected": 1, "total_deaths_all": 141, "cases_cum_suspected": 82, "date": "2014-07-23", "new_deaths_probable": 7, "new_deaths_confirmed": 5, "total_deaths_probable": 57, "cases_new_probable": 13, "cases_cum": 266}, {"cases_new_confirmed": 2, "total_deaths_confirmed": 60, "new_deaths_suspected": -12, "deaths": -8, "cases_new_total": 19, "cases_cum_probable": 84, "cases_cum_confirmed": 84, "total_deaths_suspected": 19, "cases_new_suspected": 3, "total_deaths_all": 129, "cases_cum_suspected": 81, "date": "2014-07-22", "new_deaths_probable": 4, "new_deaths_confirmed": 0, "total_deaths_probable": 50, "cases_new_probable": 14, "cases_cum": 249}, {"cases_new_confirmed": 5, "total_deaths_confirmed": 60, "new_deaths_suspected": 4, "deaths": 10, "cases_new_total": 6, "cases_cum_probable": 70, "cases_cum_confirmed": 82, "total_deaths_suspected": 31, "cases_new_suspected": -1, "total_deaths_all": 137, "cases_cum_suspected": 78, "date": "2014-07-21", "new_deaths_probable": 2, "new_deaths_confirmed": 4, "total_deaths_probable": 46, "cases_new_probable": 2, "cases_cum": 230}, {"cases_new_confirmed": 1, "total_deaths_confirmed": 56, "new_deaths_suspected": 1, "deaths": 4, "cases_new_total": 5, "cases_cum_probable": 68, "cases_cum_confirmed": 77, "total_deaths_suspected": 27, "cases_new_suspected": 2, "total_deaths_all": 127, "cases_cum_suspected": 79, "date": "2014-07-20", "new_deaths_probable": 3, "new_deaths_confirmed": 0, "total_deaths_probable": 44, "cases_new_probable": 2, "cases_cum": 224}, {"cases_new_confirmed": 0, "total_deaths_confirmed": 56, "new_deaths_suspected": 1, "deaths": 4, "cases_new_total": 23, "cases_cum_probable": 66, "cases_cum_confirmed": 76, "total_deaths_suspected": 26, "cases_new_suspected": 13, "total_deaths_all": 123, "cases_cum_suspected": 77, "date": "2014-07-19", "new_deaths_probable": 1, "new_deaths_confirmed": 2, "total_deaths_probable": 41, "cases_new_probable": 10, "cases_cum": 219}, {"cases_new_confirmed": 0, "total_deaths_confirmed": 54, "new_deaths_suspected": 0, "deaths": 0, "cases_new_total": 0, "cases_cum_probable": 56, "cases_cum_confirmed": 76, "total_deaths_suspected": 25, "cases_new_suspected": 0, "total_deaths_all": 119, "cases_cum_suspected": 64, "date": "2014-07-18", "new_deaths_probable": 0, "new_deaths_confirmed": 0, "total_deaths_probable": 40, "cases_new_probable": 0, "cases_cum": 196}, {"cases_new_confirmed": 3, "total_deaths_confirmed": 54, "new_deaths_suspected": 0, "deaths": 3, "cases_new_total": 9, "cases_cum_probable": 56, "cases_cum_confirmed": 76, "total_deaths_suspected": 25, "cases_new_suspected": 1, "total_deaths_all": 119, "cases_cum_suspected": 64, "date": "2014-07-17", "new_deaths_probable": 3, "new_deaths_confirmed": 0, "total_deaths_probable": 40, "cases_new_probable": 5, "cases_cum": 196}, {"cases_new_confirmed": 3, "total_deaths_confirmed": 54, "new_deaths_suspected": 5, "deaths": 10, "cases_new_total": 13, "cases_cum_probable": 51, "cases_cum_confirmed": 73, "total_deaths_suspected": 25, "cases_new_suspected": 1, "total_deaths_all": 116, "cases_cum_suspected": 63, "date": "2014-07-16", "new_deaths_probable": 7, "new_deaths_confirmed": 8, "total_deaths_probable": 37, "cases_new_probable": 9, "cases_cum": 187}, {"cases_new_confirmed": 0, "total_deaths_confirmed": 46, "new_deaths_suspected": 0, "deaths": 0, "cases_new_total": 0, "cases_cum_probable": 42, "cases_cum_confirmed": 70, "total_deaths_suspected": 20, "cases_new_suspected": 0, "total_deaths_all": 106, "cases_cum_suspected": 62, "date": "2014-07-15", "new_deaths_probable": 0, "new_deaths_confirmed": 0, "total_deaths_probable": 30, "cases_new_probable": 0, "cases_cum": 174}, {"cases_new_confirmed": 3, "total_deaths_confirmed": 46, "new_deaths_suspected": 0, "deaths": 1, "cases_new_total": 1, "cases_cum_probable": 42, "cases_cum_confirmed": 70, "total_deaths_suspected": 20, "cases_new_suspected": 0, "total_deaths_all": 106, "cases_cum_suspected": 62, "date": "2014-07-14", "new_deaths_probable": 0, "new_deaths_confirmed": 0, "total_deaths_probable": 30, "cases_new_probable": -2, "cases_cum": 174}, {"cases_new_confirmed": -3, "total_deaths_confirmed": 46, "new_deaths_suspected": 0, "deaths": 0, "cases_new_total": 1, "cases_cum_probable": 44, "cases_cum_confirmed": 67, "total_deaths_suspected": 20, "cases_new_suspected": 1, "total_deaths_all": 105, "cases_cum_suspected": 62, "date": "2014-07-13", "new_deaths_probable": 0, "new_deaths_confirmed": 0, "total_deaths_probable": 30, "cases_new_probable": 3, "cases_cum": 173}, {"cases_new_confirmed": 0, "total_deaths_confirmed": 46, "new_deaths_suspected": 0, "deaths": 9, "cases_new_total": 27, "cases_cum_probable": 41, "cases_cum_confirmed": 70, "total_deaths_suspected": 20, "cases_new_suspected": 19, "total_deaths_all": 105, "cases_cum_suspected": 61, "date": "2014-07-12", "new_deaths_probable": 0, "new_deaths_confirmed": 0, "total_deaths_probable": 30, "cases_new_probable": 8, "cases_cum": 172}, {"cases_new_confirmed": 0, "total_deaths_confirmed": 46, "new_deaths_suspected": 0, "deaths": 0, "cases_new_total": 0, "cases_cum_probable": 33, "cases_cum_confirmed": 70, "total_deaths_suspected": 20, "cases_new_suspected": 0, "total_deaths_all": 96, "cases_cum_suspected": 42, "date": "2014-07-11", "new_deaths_probable": 0, "new_deaths_confirmed": 0, "total_deaths_probable": 30, "cases_new_probable": 0, "cases_cum": 145}, {"cases_new_confirmed": 0, "total_deaths_confirmed": 46, "new_deaths_suspected": 1, "deaths": 4, "cases_new_total": 3, "cases_cum_probable": 33, "cases_cum_confirmed": 70, "total_deaths_suspected": 20, "cases_new_suspected": 2, "total_deaths_all": 96, "cases_cum_suspected": 42, "date": "2014-07-10", "new_deaths_probable": 1, "new_deaths_confirmed": 2, "total_deaths_probable": 30, "cases_new_probable": 1, "cases_cum": 145}, {"cases_new_confirmed": 8, "total_deaths_confirmed": 44, "new_deaths_suspected": 1, "deaths": 3, "cases_new_total": 4, "cases_cum_probable": 32, "cases_cum_confirmed": 70, "total_deaths_suspected": 19, "cases_new_suspected": 2, "total_deaths_all": 92, "cases_cum_suspected": 40, "date": "2014-07-09", "new_deaths_probable": 1, "new_deaths_confirmed": 1, "total_deaths_probable": 29, "cases_new_probable": 0, "cases_cum": 142}, {"cases_new_confirmed": 0, "total_deaths_confirmed": 43, "new_deaths_suspected": 0, "deaths": 0, "cases_new_total": 0, "cases_cum_probable": 32, "cases_cum_confirmed": 62, "total_deaths_suspected": 18, "cases_new_suspected": 0, "total_deaths_all": 89, "cases_cum_suspected": 38, "date": "2014-07-08", "new_deaths_probable": 0, "new_deaths_confirmed": 0, "total_deaths_probable": 28, "cases_new_probable": 0, "cases_cum": 138}, {"cases_new_confirmed": -1, "total_deaths_confirmed": 43, "new_deaths_suspected": 0, "deaths": 2, "cases_new_total": 7, "cases_cum_probable": 32, "cases_cum_confirmed": 62, "total_deaths_suspected": 18, "cases_new_suspected": 0, "total_deaths_all": 89, "cases_cum_suspected": 38, "date": "2014-07-07", "new_deaths_probable": 0, "new_deaths_confirmed": 2, "total_deaths_probable": 28, "cases_new_probable": 2, "cases_cum": 138}, {"cases_new_confirmed": 4, "total_deaths_confirmed": 41, "new_deaths_suspected": 0, "deaths": 2, "cases_new_total": 5, "cases_cum_probable": 30, "cases_cum_confirmed": 63, "total_deaths_suspected": 18, "cases_new_suspected": 1, "total_deaths_all": 87, "cases_cum_suspected": 38, "date": "2014-07-06", "new_deaths_probable": 2, "new_deaths_confirmed": 0, "total_deaths_probable": 28, "cases_new_probable": 0, "cases_cum": 131}, {"cases_new_confirmed": 0, "total_deaths_confirmed": 41, "new_deaths_suspected": 0, "deaths": 2, "cases_new_total": 4, "cases_cum_probable": 30, "cases_cum_confirmed": 59, "total_deaths_suspected": 18, "cases_new_suspected": 0, "total_deaths_all": 85, "cases_cum_suspected": 37, "date": "2014-07-05", "new_deaths_probable": 1, "new_deaths_confirmed": 1, "total_deaths_probable": 26, "cases_new_probable": 4, "cases_cum": 126}, {"cases_new_confirmed": 4, "total_deaths_confirmed": 40, "new_deaths_suspected": 0, "deaths": 2, "cases_new_total": 6, "cases_cum_probable": 26, "cases_cum_confirmed": 59, "total_deaths_suspected": 18, "cases_new_suspected": 2, "total_deaths_all": 83, "cases_cum_suspected": 37, "date": "2014-07-04", "new_deaths_probable": 1, "new_deaths_confirmed": 1, "total_deaths_probable": 25, "cases_new_probable": 0, "cases_cum": 122}, {"cases_new_confirmed": 1, "total_deaths_confirmed": 39, "new_deaths_suspected": 1, "deaths": 15, "cases_new_total": 4, "cases_cum_probable": 26, "cases_cum_confirmed": 55, "total_deaths_suspected": 18, "cases_new_suspected": 1, "total_deaths_all": 81, "cases_cum_suspected": 35, "date": "2014-07-03", "new_deaths_probable": 2, "new_deaths_confirmed": 1, "total_deaths_probable": 24, "cases_new_probable": 2, "cases_cum": 116}, {"cases_new_confirmed": 6, "total_deaths_confirmed": 38, "new_deaths_suspected": 3, "deaths": 5, "cases_new_total": 12, "cases_cum_probable": 24, "cases_cum_confirmed": 54, "total_deaths_suspected": 17, "cases_new_suspected": 1, "total_deaths_all": 66, "cases_cum_suspected": 34, "date": "2014-07-02", "new_deaths_probable": 5, "new_deaths_confirmed": 8, "total_deaths_probable": 22, "cases_new_probable": 5, "cases_cum": 112}, {"cases_new_confirmed": 2, "total_deaths_confirmed": 30, "new_deaths_suspected": 0, "deaths": 5, "cases_new_total": 4, "cases_cum_probable": 19, "cases_cum_confirmed": 48, "total_deaths_suspected": 14, "cases_new_suspected": 2, "total_deaths_all": 61, "cases_cum_suspected": 33, "date": "2014-07-01", "new_deaths_probable": 2, "new_deaths_confirmed": 3, "total_deaths_probable": 17, "cases_new_probable": 0, "cases_cum": 100}, {"cases_new_confirmed": 3, "total_deaths_confirmed": 27, "new_deaths_suspected": 1, "deaths": 7, "cases_new_total": 6, "cases_cum_probable": 19, "cases_cum_confirmed": 46, "total_deaths_suspected": 14, "cases_new_suspected": 2, "total_deaths_all": 56, "cases_cum_suspected": 31, "date": "2014-06-30", "new_deaths_probable": 5, "new_deaths_confirmed": 1, "total_deaths_probable": 15, "cases_new_probable": 1, "cases_cum": 96}, {"cases_new_confirmed": 4, "total_deaths_confirmed": 26, "new_deaths_suspected": 7, "deaths": 8, "cases_new_total": 27, "cases_cum_probable": 18, "cases_cum_confirmed": 43, "total_deaths_suspected": 13, "cases_new_suspected": 15, "total_deaths_all": 49, "cases_cum_suspected": 29, "date": "2014-06-29", "new_deaths_probable": 0, "new_deaths_confirmed": 1, "total_deaths_probable": 10, "cases_new_probable": 8, "cases_cum": 90}, {"cases_new_confirmed": 0, "total_deaths_confirmed": 25, "new_deaths_suspected": 0, "deaths": 0, "cases_new_total": 0, "cases_cum_probable": 10, "cases_cum_confirmed": 39, "total_deaths_suspected": 6, "cases_new_suspected": 0, "total_deaths_all": 41, "cases_cum_suspected": 14, "date": "2014-06-28", "new_deaths_probable": 0, "new_deaths_confirmed": 0, "total_deaths_probable": 10, "cases_new_probable": 0, "cases_cum": 63}, {"cases_new_confirmed": 0, "total_deaths_confirmed": 25, "new_deaths_suspected": 0, "deaths": 0, "cases_new_total": 0, "cases_cum_probable": 10, "cases_cum_confirmed": 39, "total_deaths_suspected": 6, "cases_new_suspected": 0, "total_deaths_all": 41, "cases_cum_suspected": 14, "date": "2014-06-27", "new_deaths_probable": 0, "new_deaths_confirmed": 0, "total_deaths_probable": 10, "cases_new_probable": 0, "cases_cum": 63}, {"cases_new_confirmed": 0, "total_deaths_confirmed": 25, "new_deaths_suspected": 0, "deaths": 0, "cases_new_total": 0, "cases_cum_probable": 10, "cases_cum_confirmed": 39, "total_deaths_suspected": 6, "cases_new_suspected": 0, "total_deaths_all": 41, "cases_cum_suspected": 14, "date": "2014-06-26", "new_deaths_probable": 0, "new_deaths_confirmed": 0, "total_deaths_probable": 10, "cases_new_probable": 0, "cases_cum": 63}, {"cases_new_confirmed": 0, "total_deaths_confirmed": 25, "new_deaths_suspected": 0, "deaths": 0, "cases_new_total": 0, "cases_cum_probable": 10, "cases_cum_confirmed": 39, "total_deaths_suspected": 6, "cases_new_suspected": 0, "total_deaths_all": 41, "cases_cum_suspected": 14, "date": "2014-06-25", "new_deaths_probable": 0, "new_deaths_confirmed": 0, "total_deaths_probable": 10, "cases_new_probable": 0, "cases_cum": 63}, {"cases_new_confirmed": 4, "total_deaths_confirmed": 25, "new_deaths_suspected": 2, "deaths": 4, "cases_new_total": 1, "cases_cum_probable": 10, "cases_cum_confirmed": 39, "total_deaths_suspected": 6, "cases_new_suspected": -3, "total_deaths_all": 41, "cases_cum_suspected": 14, "date": "2014-06-24", "new_deaths_probable": 0, "new_deaths_confirmed": 2, "total_deaths_probable": 10, "cases_new_probable": 0, "cases_cum": 63}, {"cases_new_confirmed": 1, "total_deaths_confirmed": 23, "new_deaths_suspected": 3, "deaths": 4, "cases_new_total": 11, "cases_cum_probable": 10, "cases_cum_confirmed": 35, "total_deaths_suspected": 4, "cases_new_suspected": 10, "total_deaths_all": 37, "cases_cum_suspected": 17, "date": "2014-06-23", "new_deaths_probable": 0, "new_deaths_confirmed": 1, "total_deaths_probable": 10, "cases_new_probable": 0, "cases_cum": 62}, {"cases_new_confirmed": 5, "total_deaths_confirmed": 22, "new_deaths_suspected": 0, "deaths": 4, "cases_new_total": 0, "cases_cum_probable": 10, "cases_cum_confirmed": 34, "total_deaths_suspected": 1, "cases_new_suspected": -5, "total_deaths_all": 33, "cases_cum_suspected": 7, "date": "2014-06-22", "new_deaths_probable": 0, "new_deaths_confirmed": 4, "total_deaths_probable": 10, "cases_new_probable": 0, "cases_cum": 51}, {"cases_new_confirmed": 0, "total_deaths_confirmed": 18, "new_deaths_suspected": 0, "deaths": 0, "cases_new_total": 0, "cases_cum_probable": 10, "cases_cum_confirmed": 29, "total_deaths_suspected": 1, "cases_new_suspected": 0, "total_deaths_all": 29, "cases_cum_suspected": 12, "date": "2014-06-21", "new_deaths_probable": 0, "new_deaths_confirmed": 0, "total_deaths_probable": 10, "cases_new_probable": 0, "cases_cum": 51}, {"cases_new_confirmed": 5, "total_deaths_confirmed": 18, "new_deaths_suspected": 0, "deaths": 4, "cases_new_total": 10, "cases_cum_probable": 10, "cases_cum_confirmed": 29, "total_deaths_suspected": 1, "cases_new_suspected": 4, "total_deaths_all": 29, "cases_cum_suspected": 12, "date": "2014-06-20", "new_deaths_probable": 1, "new_deaths_confirmed": 3, "total_deaths_probable": 10, "cases_new_probable": 1, "cases_cum": 51}, {"cases_new_confirmed": 6, "total_deaths_confirmed": 15, "new_deaths_suspected": -1, "deaths": 1, "cases_new_total": 7, "cases_cum_probable": 9, "cases_cum_confirmed": 24, "total_deaths_suspected": 1, "cases_new_suspected": 0, "total_deaths_all": 25, "cases_cum_suspected": 8, "date": "2014-06-19", "new_deaths_probable": 1, "new_deaths_confirmed": 1, "total_deaths_probable": 9, "cases_new_probable": 1, "cases_cum": 41}, {"cases_new_confirmed": 0, "total_deaths_confirmed": 14, "new_deaths_suspected": 0, "deaths": 0, "cases_new_total": 4, "cases_cum_probable": 8, "cases_cum_confirmed": 18, "total_deaths_suspected": 2, "cases_new_suspected": 4, "total_deaths_all": 24, "cases_cum_suspected": 8, "date": "2014-06-18", "new_deaths_probable": 0, "new_deaths_confirmed": 0, "total_deaths_probable": 8, "cases_new_probable": 0, "cases_cum": 34}, {"cases_new_confirmed": 0, "total_deaths_confirmed": 14, "new_deaths_suspected": 0, "deaths": 0, "cases_new_total": 0, "cases_cum_probable": 8, "cases_cum_confirmed": 18, "total_deaths_suspected": 2, "cases_new_suspected": 0, "total_deaths_all": 24, "cases_cum_suspected": 4, "date": "2014-06-17", "new_deaths_probable": 0, "new_deaths_confirmed": 0, "total_deaths_probable": 8, "cases_new_probable": 0, "cases_cum": 30}, {"cases_new_confirmed": 7, "total_deaths_confirmed": 14, "new_deaths_suspected": 1, "deaths": 9, "cases_new_total": 0, "cases_cum_probable": 8, "cases_cum_confirmed": 18, "total_deaths_suspected": 2, "cases_new_suspected": -12, "total_deaths_all": 24, "cases_cum_suspected": 4, "date": "2014-06-16", "new_deaths_probable": 3, "new_deaths_confirmed": 6, "total_deaths_probable": 8, "cases_new_probable": 5, "cases_cum": 30}, {"cases_new_confirmed": 0, "total_deaths_confirmed": 8, "new_deaths_suspected": 0, "deaths": 0, "cases_new_total": 0, "cases_cum_probable": 3, "cases_cum_confirmed": 11, "total_deaths_suspected": 1, "cases_new_suspected": 0, "total_deaths_all": 15, "cases_cum_suspected": 16, "date": "2014-06-15", "new_deaths_probable": 0, "new_deaths_confirmed": 0, "total_deaths_probable": 5, "cases_new_probable": 0, "cases_cum": 30}, {"cases_new_confirmed": 0, "total_deaths_confirmed": 8, "new_deaths_suspected": -6, "deaths": 0, "cases_new_total": 0, "cases_cum_probable": 3, "cases_cum_confirmed": 11, "total_deaths_suspected": 1, "cases_new_suspected": 0, "total_deaths_all": 15, "cases_cum_suspected": 16, "date": "2014-06-14", "new_deaths_probable": 2, "new_deaths_confirmed": 1, "total_deaths_probable": 5, "cases_new_probable": 0, "cases_cum": 30}, {"cases_new_confirmed": 0, "total_deaths_confirmed": 7, "new_deaths_suspected": 0, "deaths": 0, "cases_new_total": 0, "cases_cum_probable": 3, "cases_cum_confirmed": 11, "total_deaths_suspected": 7, "cases_new_suspected": 0, "total_deaths_all": 15, "cases_cum_suspected": 16, "date": "2014-06-13", "new_deaths_probable": 0, "new_deaths_confirmed": 0, "total_deaths_probable": 3, "cases_new_probable": 0, "cases_cum": 30}, {"cases_new_confirmed": 0, "total_deaths_confirmed": 7, "new_deaths_suspected": 0, "deaths": 0, "cases_new_total": 0, "cases_cum_probable": 3, "cases_cum_confirmed": 11, "total_deaths_suspected": 7, "cases_new_suspected": 0, "total_deaths_all": 15, "cases_cum_suspected": 16, "date": "2014-06-12", "new_deaths_probable": 0, "new_deaths_confirmed": 0, "total_deaths_probable": 3, "cases_new_probable": 0, "cases_cum": 30}, {"cases_new_confirmed": 5, "total_deaths_confirmed": 7, "new_deaths_suspected": 5, "deaths": 3, "cases_new_total": 17, "cases_cum_probable": 3, "cases_cum_confirmed": 11, "total_deaths_suspected": 7, "cases_new_suspected": 11, "total_deaths_all": 15, "cases_cum_suspected": 16, "date": "2014-06-11", "new_deaths_probable": 1, "new_deaths_confirmed": 1, "total_deaths_probable": 3, "cases_new_probable": 1, "cases_cum": 30}, {"cases_new_confirmed": 0, "total_deaths_confirmed": 6, "new_deaths_suspected": 0, "deaths": 0, "cases_new_total": 0, "cases_cum_probable": 2, "cases_cum_confirmed": 6, "total_deaths_suspected": 2, "cases_new_suspected": 0, "total_deaths_all": 12, "cases_cum_suspected": 5, "date": "2014-06-10", "new_deaths_probable": 0, "new_deaths_confirmed": 0, "total_deaths_probable": 2, "cases_new_probable": 0, "cases_cum": 13}, {"cases_new_confirmed": 0, "total_deaths_confirmed": 6, "new_deaths_suspected": 0, "deaths": 0, "cases_new_total": 0, "cases_cum_probable": 2, "cases_cum_confirmed": 6, "total_deaths_suspected": 2, "cases_new_suspected": 0, "total_deaths_all": 12, "cases_cum_suspected": 5, "date": "2014-06-09", "new_deaths_probable": 0, "new_deaths_confirmed": 0, "total_deaths_probable": 2, "cases_new_probable": 0, "cases_cum": 13}, {"cases_new_confirmed": 0, "total_deaths_confirmed": 6, "new_deaths_suspected": 0, "deaths": 0, "cases_new_total": 0, "cases_cum_probable": 2, "cases_cum_confirmed": 6, "total_deaths_suspected": 2, "cases_new_suspected": 0, "total_deaths_all": 12, "cases_cum_suspected": 5, "date": "2014-06-08", "new_deaths_probable": 0, "new_deaths_confirmed": 0, "total_deaths_probable": 2, "cases_new_probable": 0, "cases_cum": 13}, {"cases_new_confirmed": 0, "total_deaths_confirmed": 6, "new_deaths_suspected": 0, "deaths": 0, "cases_new_total": 0, "cases_cum_probable": 2, "cases_cum_confirmed": 6, "total_deaths_suspected": 2, "cases_new_suspected": 0, "total_deaths_all": 12, "cases_cum_suspected": 5, "date": "2014-06-07", "new_deaths_probable": 0, "new_deaths_confirmed": 0, "total_deaths_probable": 2, "cases_new_probable": 0, "cases_cum": 13}, {"cases_new_confirmed": 0, "total_deaths_confirmed": 6, "new_deaths_suspected": 0, "deaths": 0, "cases_new_total": 0, "cases_cum_probable": 2, "cases_cum_confirmed": 6, "total_deaths_suspected": 2, "cases_new_suspected": 0, "total_deaths_all": 12, "cases_cum_suspected": 5, "date": "2014-06-06", "new_deaths_probable": 0, "new_deaths_confirmed": 0, "total_deaths_probable": 2, "cases_new_probable": 0, "cases_cum": 13}, {"cases_new_confirmed": 0, "total_deaths_confirmed": 6, "new_deaths_suspected": 0, "deaths": 0, "cases_new_total": 0, "cases_cum_probable": 2, "cases_cum_confirmed": 6, "total_deaths_suspected": 2, "cases_new_suspected": 0, "total_deaths_all": 12, "cases_cum_suspected": 5, "date": "2014-06-05", "new_deaths_probable": 0, "new_deaths_confirmed": 0, "total_deaths_probable": 2, "cases_new_probable": 0, "cases_cum": 13}, {"cases_new_confirmed": 0, "total_deaths_confirmed": 6, "new_deaths_suspected": 0, "deaths": 0, "cases_new_total": 0, "cases_cum_probable": 2, "cases_cum_confirmed": 6, "total_deaths_suspected": 2, "cases_new_suspected": 0, "total_deaths_all": 12, "cases_cum_suspected": 5, "date": "2014-06-04", "new_deaths_probable": 0, "new_deaths_confirmed": 0, "total_deaths_probable": 2, "cases_new_probable": 0, "cases_cum": 13}, {"cases_new_confirmed": 0, "total_deaths_confirmed": 6, "new_deaths_suspected": 0, "deaths": 0, "cases_new_total": 0, "cases_cum_probable": 2, "cases_cum_confirmed": 6, "total_deaths_suspected": 2, "cases_new_suspected": 0, "total_deaths_all": 12, "cases_cum_suspected": 5, "date": "2014-06-03", "new_deaths_probable": 0, "new_deaths_confirmed": 0, "total_deaths_probable": 2, "cases_new_probable": 0, "cases_cum": 13}, {"cases_new_confirmed": 0, "total_deaths_confirmed": 6, "new_deaths_suspected": 0, "deaths": 0, "cases_new_total": 0, "cases_cum_probable": 2, "cases_cum_confirmed": 6, "total_deaths_suspected": 2, "cases_new_suspected": 0, "total_deaths_all": 12, "cases_cum_suspected": 5, "date": "2014-06-02", "new_deaths_probable": 0, "new_deaths_confirmed": 0, "total_deaths_probable": 2, "cases_new_probable": 0, "cases_cum": 13}, {"cases_new_confirmed": 0, "total_deaths_confirmed": 6, "new_deaths_suspected": 0, "deaths": 0, "cases_new_total": 0, "cases_cum_probable": 2, "cases_cum_confirmed": 6, "total_deaths_suspected": 2, "cases_new_suspected": 0, "total_deaths_all": 12, "cases_cum_suspected": 5, "date": "2014-06-01", "new_deaths_probable": 0, "new_deaths_confirmed": 0, "total_deaths_probable": 2, "cases_new_probable": 0, "cases_cum": 13}, {"cases_new_confirmed": 0, "total_deaths_confirmed": 6, "new_deaths_suspected": 0, "deaths": 0, "cases_new_total": 0, "cases_cum_probable": 2, "cases_cum_confirmed": 6, "total_deaths_suspected": 2, "cases_new_suspected": 0, "total_deaths_all": 12, "cases_cum_suspected": 5, "date": "2014-05-31", "new_deaths_probable": 0, "new_deaths_confirmed": 0, "total_deaths_probable": 2, "cases_new_probable": 0, "cases_cum": 13}, {"cases_new_confirmed": 0, "total_deaths_confirmed": 6, "new_deaths_suspected": 0, "deaths": 2, "cases_new_total": 0, "cases_cum_probable": 2, "cases_cum_confirmed": 6, "total_deaths_suspected": 2, "cases_new_suspected": 0, "total_deaths_all": 12, "cases_cum_suspected": 5, "date": "2014-05-30", "new_deaths_probable": 0, "new_deaths_confirmed": 0, "total_deaths_probable": 2, "cases_new_probable": 0, "cases_cum": 13}, {"cases_new_confirmed": 0, "total_deaths_confirmed": 6, "new_deaths_suspected": 1, "deaths": -1, "cases_new_total": 1, "cases_cum_probable": 2, "cases_cum_confirmed": 6, "total_deaths_suspected": 2, "cases_new_suspected": 1, "total_deaths_all": 10, "cases_cum_suspected": 5, "date": "2014-05-29", "new_deaths_probable": 0, "new_deaths_confirmed": 0, "total_deaths_probable": 2, "cases_new_probable": 0, "cases_cum": 13}, {"cases_new_confirmed": 0, "total_deaths_confirmed": 6, "new_deaths_suspected": 0, "deaths": 0, "cases_new_total": 0, "cases_cum_probable": 2, "cases_cum_confirmed": 6, "total_deaths_suspected": 1, "cases_new_suspected": 0, "total_deaths_all": 11, "cases_cum_suspected": 4, "date": "2014-05-28", "new_deaths_probable": 0, "new_deaths_confirmed": 0, "total_deaths_probable": 2, "cases_new_probable": 0, "cases_cum": 12}, {"cases_new_confirmed": 0, "total_deaths_confirmed": 6, "new_deaths_suspected": 0, "deaths": 0, "cases_new_total": 0, "cases_cum_probable": 2, "cases_cum_confirmed": 6, "total_deaths_suspected": 1, "cases_new_suspected": 0, "total_deaths_all": 11, "cases_cum_suspected": 4, "date": "2014-05-27", "new_deaths_probable": 0, "new_deaths_confirmed": 0, "total_deaths_probable": 2, "cases_new_probable": 0, "cases_cum": 12}, {"cases_new_confirmed": 0, "total_deaths_confirmed": 6, "new_deaths_suspected": 0, "deaths": 0, "cases_new_total": 0, "cases_cum_probable": 2, "cases_cum_confirmed": 6, "total_deaths_suspected": 1, "cases_new_suspected": 0, "total_deaths_all": 11, "cases_cum_suspected": 4, "date": "2014-05-26", "new_deaths_probable": 0, "new_deaths_confirmed": 0, "total_deaths_probable": 2, "cases_new_probable": 0, "cases_cum": 12}, {"cases_new_confirmed": 0, "total_deaths_confirmed": 6, "new_deaths_suspected": 0, "deaths": 0, "cases_new_total": 0, "cases_cum_probable": 2, "cases_cum_confirmed": 6, "total_deaths_suspected": 1, "cases_new_suspected": 0, "total_deaths_all": 11, "cases_cum_suspected": 4, "date": "2014-05-25", "new_deaths_probable": 0, "new_deaths_confirmed": 0, "total_deaths_probable": 2, "cases_new_probable": 0, "cases_cum": 12}, {"cases_new_confirmed": 0, "total_deaths_confirmed": 6, "new_deaths_suspected": 0, "deaths": 0, "cases_new_total": 0, "cases_cum_probable": 2, "cases_cum_confirmed": 6, "total_deaths_suspected": 1, "cases_new_suspected": 0, "total_deaths_all": 11, "cases_cum_suspected": 4, "date": "2014-05-24", "new_deaths_probable": 0, "new_deaths_confirmed": 0, "total_deaths_probable": 2, "cases_new_probable": 0, "cases_cum": 12}, {"cases_new_confirmed": 0, "total_deaths_confirmed": 6, "new_deaths_suspected": 0, "deaths": 0, "cases_new_total": 0, "cases_cum_probable": 2, "cases_cum_confirmed": 6, "total_deaths_suspected": 1, "cases_new_suspected": 0, "total_deaths_all": 11, "cases_cum_suspected": 4, "date": "2014-05-23", "new_deaths_probable": 0, "new_deaths_confirmed": 0, "total_deaths_probable": 2, "cases_new_probable": 0, "cases_cum": 12}, {"cases_new_confirmed": 0, "total_deaths_confirmed": 6, "new_deaths_suspected": 0, "deaths": 0, "cases_new_total": 0, "cases_cum_probable": 2, "cases_cum_confirmed": 6, "total_deaths_suspected": 1, "cases_new_suspected": 0, "total_deaths_all": 11, "cases_cum_suspected": 4, "date": "2014-05-22", "new_deaths_probable": 0, "new_deaths_confirmed": 0, "total_deaths_probable": 2, "cases_new_probable": 0, "cases_cum": 12}, {"cases_new_confirmed": 0, "total_deaths_confirmed": 6, "new_deaths_suspected": 0, "deaths": 0, "cases_new_total": 0, "cases_cum_probable": 2, "cases_cum_confirmed": 6, "total_deaths_suspected": 1, "cases_new_suspected": 0, "total_deaths_all": 11, "cases_cum_suspected": 4, "date": "2014-05-21", "new_deaths_probable": 0, "new_deaths_confirmed": 0, "total_deaths_probable": 2, "cases_new_probable": 0, "cases_cum": 12}, {"cases_new_confirmed": 0, "total_deaths_confirmed": 6, "new_deaths_suspected": 0, "deaths": 0, "cases_new_total": 0, "cases_cum_probable": 2, "cases_cum_confirmed": 6, "total_deaths_suspected": 1, "cases_new_suspected": 0, "total_deaths_all": 11, "cases_cum_suspected": 4, "date": "2014-05-20", "new_deaths_probable": 0, "new_deaths_confirmed": 0, "total_deaths_probable": 2, "cases_new_probable": 0, "cases_cum": 12}, {"cases_new_confirmed": 0, "total_deaths_confirmed": 6, "new_deaths_suspected": 0, "deaths": 0, "cases_new_total": 0, "cases_cum_probable": 2, "cases_cum_confirmed": 6, "total_deaths_suspected": 1, "cases_new_suspected": 0, "total_deaths_all": 11, "cases_cum_suspected": 4, "date": "2014-05-19", "new_deaths_probable": 0, "new_deaths_confirmed": 0, "total_deaths_probable": 2, "cases_new_probable": 0, "cases_cum": 12}, {"cases_new_confirmed": 0, "total_deaths_confirmed": 6, "new_deaths_suspected": 0, "deaths": 0, "cases_new_total": 0, "cases_cum_probable": 2, "cases_cum_confirmed": 6, "total_deaths_suspected": 1, "cases_new_suspected": 0, "total_deaths_all": 11, "cases_cum_suspected": 4, "date": "2014-05-18", "new_deaths_probable": 0, "new_deaths_confirmed": 0, "total_deaths_probable": 2, "cases_new_probable": 0, "cases_cum": 12}, {"cases_new_confirmed": 0, "total_deaths_confirmed": 6, "new_deaths_suspected": 0, "deaths": 2, "cases_new_total": 0, "cases_cum_probable": 2, "cases_cum_confirmed": 6, "total_deaths_suspected": 1, "cases_new_suspected": 0, "total_deaths_all": 11, "cases_cum_suspected": 4, "date": "2014-05-17", "new_deaths_probable": 0, "new_deaths_confirmed": 0, "total_deaths_probable": 2, "cases_new_probable": 0, "cases_cum": 12}, {"cases_new_confirmed": 0, "total_deaths_confirmed": 6, "new_deaths_suspected": -2, "deaths": -2, "cases_new_total": 0, "cases_cum_probable": 2, "cases_cum_confirmed": 6, "total_deaths_suspected": 1, "cases_new_suspected": 0, "total_deaths_all": 9, "cases_cum_suspected": 4, "date": "2014-05-16", "new_deaths_probable": 0, "new_deaths_confirmed": 0, "total_deaths_probable": 2, "cases_new_probable": 0, "cases_cum": 12}, {"cases_new_confirmed": 0, "total_deaths_confirmed": 6, "new_deaths_suspected": 0, "deaths": 0, "cases_new_total": 0, "cases_cum_probable": 2, "cases_cum_confirmed": 6, "total_deaths_suspected": 3, "cases_new_suspected": 0, "total_deaths_all": 11, "cases_cum_suspected": 4, "date": "2014-05-15", "new_deaths_probable": 0, "new_deaths_confirmed": 0, "total_deaths_probable": 2, "cases_new_probable": 0, "cases_cum": 12}, {"cases_new_confirmed": 0, "total_deaths_confirmed": 6, "new_deaths_suspected": 0, "deaths": 0, "cases_new_total": 0, "cases_cum_probable": 2, "cases_cum_confirmed": 6, "total_deaths_suspected": 3, "cases_new_suspected": 0, "total_deaths_all": 11, "cases_cum_suspected": 4, "date": "2014-05-14", "new_deaths_probable": 0, "new_deaths_confirmed": 0, "total_deaths_probable": 2, "cases_new_probable": 0, "cases_cum": 12}, {"cases_new_confirmed": 0, "total_deaths_confirmed": 6, "new_deaths_suspected": 0, "deaths": 0, "cases_new_total": 0, "cases_cum_probable": 2, "cases_cum_confirmed": 6, "total_deaths_suspected": 3, "cases_new_suspected": 0, "total_deaths_all": 11, "cases_cum_suspected": 4, "date": "2014-05-13", "new_deaths_probable": 0, "new_deaths_confirmed": 0, "total_deaths_probable": 2, "cases_new_probable": 0, "cases_cum": 12}, {"cases_new_confirmed": 0, "total_deaths_confirmed": 6, "new_deaths_suspected": 0, "deaths": 0, "cases_new_total": -1, "cases_cum_probable": 2, "cases_cum_confirmed": 6, "total_deaths_suspected": 3, "cases_new_suspected": -1, "total_deaths_all": 11, "cases_cum_suspected": 4, "date": "2014-05-12", "new_deaths_probable": 0, "new_deaths_confirmed": 0, "total_deaths_probable": 2, "cases_new_probable": 0, "cases_cum": 12}, {"cases_new_confirmed": 0, "total_deaths_confirmed": 6, "new_deaths_suspected": 0, "deaths": 0, "cases_new_total": 0, "cases_cum_probable": 2, "cases_cum_confirmed": 6, "total_deaths_suspected": 3, "cases_new_suspected": 0, "total_deaths_all": 11, "cases_cum_suspected": 5, "date": "2014-05-11", "new_deaths_probable": 0, "new_deaths_confirmed": 0, "total_deaths_probable": 2, "cases_new_probable": 0, "cases_cum": 13}, {"cases_new_confirmed": 0, "total_deaths_confirmed": 6, "new_deaths_suspected": 0, "deaths": 0, "cases_new_total": 1, "cases_cum_probable": 2, "cases_cum_confirmed": 6, "total_deaths_suspected": 3, "cases_new_suspected": 1, "total_deaths_all": 11, "cases_cum_suspected": 5, "date": "2014-05-10", "new_deaths_probable": 0, "new_deaths_confirmed": 0, "total_deaths_probable": 2, "cases_new_probable": 0, "cases_cum": 13}, {"cases_new_confirmed": 0, "total_deaths_confirmed": 6, "new_deaths_suspected": 0, "deaths": 0, "cases_new_total": -1, "cases_cum_probable": 2, "cases_cum_confirmed": 6, "total_deaths_suspected": 3, "cases_new_suspected": -1, "total_deaths_all": 11, "cases_cum_suspected": 4, "date": "2014-05-09", "new_deaths_probable": 0, "new_deaths_confirmed": 0, "total_deaths_probable": 2, "cases_new_probable": 0, "cases_cum": 12}, {"cases_new_confirmed": 0, "total_deaths_confirmed": 6, "new_deaths_suspected": 0, "deaths": 0, "cases_new_total": 0, "cases_cum_probable": 2, "cases_cum_confirmed": 6, "total_deaths_suspected": 3, "cases_new_suspected": 0, "total_deaths_all": 11, "cases_cum_suspected": 5, "date": "2014-05-08", "new_deaths_probable": 0, "new_deaths_confirmed": 0, "total_deaths_probable": 2, "cases_new_probable": 0, "cases_cum": 13}, {"cases_new_confirmed": 0, "total_deaths_confirmed": 6, "new_deaths_suspected": 0, "deaths": 0, "cases_new_total": 0, "cases_cum_probable": 2, "cases_cum_confirmed": 6, "total_deaths_suspected": 3, "cases_new_suspected": 0, "total_deaths_all": 11, "cases_cum_suspected": 5, "date": "2014-05-07", "new_deaths_probable": 0, "new_deaths_confirmed": 0, "total_deaths_probable": 2, "cases_new_probable": 0, "cases_cum": 13}, {"cases_new_confirmed": 0, "total_deaths_confirmed": 6, "new_deaths_suspected": 0, "deaths": 0, "cases_new_total": 0, "cases_cum_probable": 2, "cases_cum_confirmed": 6, "total_deaths_suspected": 3, "cases_new_suspected": 0, "total_deaths_all": 11, "cases_cum_suspected": 5, "date": "2014-05-06", "new_deaths_probable": 0, "new_deaths_confirmed": 0, "total_deaths_probable": 2, "cases_new_probable": 0, "cases_cum": 13}, {"cases_new_confirmed": 0, "total_deaths_confirmed": 6, "new_deaths_suspected": 0, "deaths": 0, "cases_new_total": 0, "cases_cum_probable": 2, "cases_cum_confirmed": 6, "total_deaths_suspected": 3, "cases_new_suspected": 0, "total_deaths_all": 11, "cases_cum_suspected": 5, "date": "2014-05-05", "new_deaths_probable": 0, "new_deaths_confirmed": 0, "total_deaths_probable": 2, "cases_new_probable": 0, "cases_cum": 13}, {"cases_new_confirmed": 0, "total_deaths_confirmed": 6, "new_deaths_suspected": 0, "deaths": 0, "cases_new_total": 0, "cases_cum_probable": 2, "cases_cum_confirmed": 6, "total_deaths_suspected": 3, "cases_new_suspected": 0, "total_deaths_all": 11, "cases_cum_suspected": 5, "date": "2014-05-04", "new_deaths_probable": 0, "new_deaths_confirmed": 0, "total_deaths_probable": 2, "cases_new_probable": 0, "cases_cum": 13}, {"cases_new_confirmed": 0, "total_deaths_confirmed": 6, "new_deaths_suspected": 0, "deaths": 0, "cases_new_total": 0, "cases_cum_probable": 2, "cases_cum_confirmed": 6, "total_deaths_suspected": 3, "cases_new_suspected": 0, "total_deaths_all": 11, "cases_cum_suspected": 5, "date": "2014-05-03", "new_deaths_probable": 0, "new_deaths_confirmed": 0, "total_deaths_probable": 2, "cases_new_probable": 0, "cases_cum": 13}, {"cases_new_confirmed": 0, "total_deaths_confirmed": 6, "new_deaths_suspected": 0, "deaths": 0, "cases_new_total": -22, "cases_cum_probable": 2, "cases_cum_confirmed": 6, "total_deaths_suspected": 3, "cases_new_suspected": -22, "total_deaths_all": 11, "cases_cum_suspected": 5, "date": "2014-05-02", "new_deaths_probable": 0, "new_deaths_confirmed": 0, "total_deaths_probable": 2, "cases_new_probable": 0, "cases_cum": 13}, {"cases_new_confirmed": 0, "total_deaths_confirmed": 6, "new_deaths_suspected": 0, "deaths": 0, "cases_new_total": 0, "cases_cum_probable": 2, "cases_cum_confirmed": 6, "total_deaths_suspected": 3, "cases_new_suspected": 0, "total_deaths_all": 11, "cases_cum_suspected": 27, "date": "2014-05-01", "new_deaths_probable": 0, "new_deaths_confirmed": 0, "total_deaths_probable": 2, "cases_new_probable": 0, "cases_cum": 35}, {"cases_new_confirmed": 0, "total_deaths_confirmed": 6, "new_deaths_suspected": 0, "deaths": 0, "cases_new_total": 0, "cases_cum_probable": 2, "cases_cum_confirmed": 6, "total_deaths_suspected": 3, "cases_new_suspected": 0, "total_deaths_all": 11, "cases_cum_suspected": 27, "date": "2014-04-30", "new_deaths_probable": 0, "new_deaths_confirmed": 0, "total_deaths_probable": 2, "cases_new_probable": 0, "cases_cum": 35}, {"cases_new_confirmed": 0, "total_deaths_confirmed": 6, "new_deaths_suspected": 0, "deaths": 0, "cases_new_total": 0, "cases_cum_probable": 2, "cases_cum_confirmed": 6, "total_deaths_suspected": 3, "cases_new_suspected": 0, "total_deaths_all": 11, "cases_cum_suspected": 27, "date": "2014-04-29", "new_deaths_probable": 0, "new_deaths_confirmed": 0, "total_deaths_probable": 2, "cases_new_probable": 0, "cases_cum": 35}, {"cases_new_confirmed": 0, "total_deaths_confirmed": 6, "new_deaths_suspected": 0, "deaths": 0, "cases_new_total": 0, "cases_cum_probable": 2, "cases_cum_confirmed": 6, "total_deaths_suspected": 3, "cases_new_suspected": 0, "total_deaths_all": 11, "cases_cum_suspected": 27, "date": "2014-04-28", "new_deaths_probable": 0, "new_deaths_confirmed": 0, "total_deaths_probable": 2, "cases_new_probable": 0, "cases_cum": 35}, {"cases_new_confirmed": 0, "total_deaths_confirmed": 6, "new_deaths_suspected": 0, "deaths": 0, "cases_new_total": 0, "cases_cum_probable": 2, "cases_cum_confirmed": 6, "total_deaths_suspected": 3, "cases_new_suspected": 0, "total_deaths_all": 11, "cases_cum_suspected": 27, "date": "2014-04-27", "new_deaths_probable": 0, "new_deaths_confirmed": 0, "total_deaths_probable": 2, "cases_new_probable": 0, "cases_cum": 35}, {"cases_new_confirmed": 0, "total_deaths_confirmed": 6, "new_deaths_suspected": 0, "deaths": 0, "cases_new_total": 0, "cases_cum_probable": 2, "cases_cum_confirmed": 6, "total_deaths_suspected": 3, "cases_new_suspected": 0, "total_deaths_all": 11, "cases_cum_suspected": 27, "date": "2014-04-26", "new_deaths_probable": 0, "new_deaths_confirmed": 0, "total_deaths_probable": 2, "cases_new_probable": 0, "cases_cum": 35}, {"cases_new_confirmed": 0, "total_deaths_confirmed": 6, "new_deaths_suspected": 0, "deaths": 0, "cases_new_total": 0, "cases_cum_probable": 2, "cases_cum_confirmed": 6, "total_deaths_suspected": 3, "cases_new_suspected": 0, "total_deaths_all": 11, "cases_cum_suspected": 27, "date": "2014-04-25", "new_deaths_probable": 0, "new_deaths_confirmed": 0, "total_deaths_probable": 2, "cases_new_probable": 0, "cases_cum": 35}, {"cases_new_confirmed": 0, "total_deaths_confirmed": 6, "new_deaths_suspected": 2, "deaths": 0, "cases_new_total": 1, "cases_cum_probable": 2, "cases_cum_confirmed": 6, "total_deaths_suspected": 3, "cases_new_suspected": 2, "total_deaths_all": 11, "cases_cum_suspected": 27, "date": "2014-04-24", "new_deaths_probable": 0, "new_deaths_confirmed": 0, "total_deaths_probable": 2, "cases_new_probable": 0, "cases_cum": 35}, {"cases_new_confirmed": 0, "total_deaths_confirmed": 6, "new_deaths_suspected": 0, "deaths": 0, "cases_new_total": 0, "cases_cum_probable": 2, "cases_cum_confirmed": 6, "total_deaths_suspected": 1, "cases_new_suspected": 0, "total_deaths_all": 11, "cases_cum_suspected": 25, "date": "2014-04-23", "new_deaths_probable": 0, "new_deaths_confirmed": 0, "total_deaths_probable": 2, "cases_new_probable": 0, "cases_cum": 34}, {"cases_new_confirmed": 0, "total_deaths_confirmed": 6, "new_deaths_suspected": 0, "deaths": -2, "cases_new_total": 1, "cases_cum_probable": 2, "cases_cum_confirmed": 6, "total_deaths_suspected": 1, "cases_new_suspected": 0, "total_deaths_all": 11, "cases_cum_suspected": 25, "date": "2014-04-22", "new_deaths_probable": 0, "new_deaths_confirmed": 0, "total_deaths_probable": 2, "cases_new_probable": 0, "cases_cum": 34}, {"cases_new_confirmed": 0, "total_deaths_confirmed": 6, "new_deaths_suspected": 0, "deaths": 0, "cases_new_total": 0, "cases_cum_probable": 2, "cases_cum_confirmed": 6, "total_deaths_suspected": 1, "cases_new_suspected": 0, "total_deaths_all": 13, "cases_cum_suspected": 25, "date": "2014-04-21", "new_deaths_probable": 0, "new_deaths_confirmed": 0, "total_deaths_probable": 2, "cases_new_probable": 0, "cases_cum": 33}, {"cases_new_confirmed": 0, "total_deaths_confirmed": 6, "new_deaths_suspected": 0, "deaths": 4, "cases_new_total": 0, "cases_cum_probable": 2, "cases_cum_confirmed": 6, "total_deaths_suspected": 1, "cases_new_suspected": 0, "total_deaths_all": 13, "cases_cum_suspected": 25, "date": "2014-04-20", "new_deaths_probable": 0, "new_deaths_confirmed": 0, "total_deaths_probable": 2, "cases_new_probable": 0, "cases_cum": 33}, {"cases_new_confirmed": 0, "total_deaths_confirmed": 6, "new_deaths_suspected": 1, "deaths": -4, "cases_new_total": 6, "cases_cum_probable": 2, "cases_cum_confirmed": 6, "total_deaths_suspected": 1, "cases_new_suspected": 5, "total_deaths_all": 9, "cases_cum_suspected": 25, "date": "2014-04-19", "new_deaths_probable": 2, "new_deaths_confirmed": 6, "total_deaths_probable": 2, "cases_new_probable": 2, "cases_cum": 33}, {"cases_new_confirmed": 0, "total_deaths_confirmed": 0, "new_deaths_suspected": 0, "deaths": 0, "cases_new_total": 0, "cases_cum_probable": 0, "cases_cum_confirmed": 6, "total_deaths_suspected": 0, "cases_new_suspected": 0, "total_deaths_all": 13, "cases_cum_suspected": 20, "date": "2014-04-18", "new_deaths_probable": 0, "new_deaths_confirmed": 0, "total_deaths_probable": 0, "cases_new_probable": 0, "cases_cum": 27}, {"cases_new_confirmed": 0, "total_deaths_confirmed": 0, "new_deaths_suspected": 0, "deaths": 0, "cases_new_total": 0, "cases_cum_probable": 0, "cases_cum_confirmed": 6, "total_deaths_suspected": 0, "cases_new_suspected": 0, "total_deaths_all": 13, "cases_cum_suspected": 20, "date": "2014-04-17", "new_deaths_probable": 0, "new_deaths_confirmed": 0, "total_deaths_probable": 0, "cases_new_probable": 0, "cases_cum": 27}, {"cases_new_confirmed": 0, "total_deaths_confirmed": 0, "new_deaths_suspected": 0, "deaths": 0, "cases_new_total": 2, "cases_cum_probable": 0, "cases_cum_confirmed": 6, "total_deaths_suspected": 0, "cases_new_suspected": 0, "total_deaths_all": 13, "cases_cum_suspected": 20, "date": "2014-04-16", "new_deaths_probable": 0, "new_deaths_confirmed": 0, "total_deaths_probable": 0, "cases_new_probable": 0, "cases_cum": 27}, {"cases_new_confirmed": 0, "total_deaths_confirmed": 0, "new_deaths_suspected": 0, "deaths": 0, "cases_new_total": 0, "cases_cum_probable": 0, "cases_cum_confirmed": 6, "total_deaths_suspected": 0, "cases_new_suspected": 0, "total_deaths_all": 13, "cases_cum_suspected": 20, "date": "2014-04-15", "new_deaths_probable": 0, "new_deaths_confirmed": 0, "total_deaths_probable": 0, "cases_new_probable": 0, "cases_cum": 25}, {"cases_new_confirmed": 0, "total_deaths_confirmed": 0, "new_deaths_suspected": 0, "deaths": 0, "cases_new_total": 0, "cases_cum_probable": 0, "cases_cum_confirmed": 6, "total_deaths_suspected": 0, "cases_new_suspected": 0, "total_deaths_all": 13, "cases_cum_suspected": 20, "date": "2014-04-14", "new_deaths_probable": 0, "new_deaths_confirmed": 0, "total_deaths_probable": 0, "cases_new_probable": 0, "cases_cum": 25}, {"cases_new_confirmed": 0, "total_deaths_confirmed": 0, "new_deaths_suspected": 0, "deaths": 0, "cases_new_total": 0, "cases_cum_probable": 0, "cases_cum_confirmed": 6, "total_deaths_suspected": 0, "cases_new_suspected": 0, "total_deaths_all": 13, "cases_cum_suspected": 20, "date": "2014-04-13", "new_deaths_probable": 0, "new_deaths_confirmed": 0, "total_deaths_probable": 0, "cases_new_probable": 0, "cases_cum": 25}, {"cases_new_confirmed": 0, "total_deaths_confirmed": 0, "new_deaths_suspected": 0, "deaths": 0, "cases_new_total": 0, "cases_cum_probable": 0, "cases_cum_confirmed": 6, "total_deaths_suspected": 0, "cases_new_suspected": 0, "total_deaths_all": 13, "cases_cum_suspected": 20, "date": "2014-04-12", "new_deaths_probable": 0, "new_deaths_confirmed": 0, "total_deaths_probable": 0, "cases_new_probable": 0, "cases_cum": 25}, {"cases_new_confirmed": 1, "total_deaths_confirmed": 0, "new_deaths_suspected": 0, "deaths": 1, "cases_new_total": 0, "cases_cum_probable": 0, "cases_cum_confirmed": 6, "total_deaths_suspected": 0, "cases_new_suspected": 0, "total_deaths_all": 13, "cases_cum_suspected": 20, "date": "2014-04-11", "new_deaths_probable": 0, "new_deaths_confirmed": 0, "total_deaths_probable": 0, "cases_new_probable": 0, "cases_cum": 25}, {"cases_new_confirmed": 0, "total_deaths_confirmed": 0, "new_deaths_suspected": 0, "deaths": 0, "cases_new_total": 3, "cases_cum_probable": 0, "cases_cum_confirmed": 5, "total_deaths_suspected": 0, "cases_new_suspected": 0, "total_deaths_all": 12, "cases_cum_suspected": 20, "date": "2014-04-10", "new_deaths_probable": 0, "new_deaths_confirmed": 0, "total_deaths_probable": 0, "cases_new_probable": 0, "cases_cum": 25}, {"cases_new_confirmed": 0, "total_deaths_confirmed": 0, "new_deaths_suspected": 0, "deaths": 2, "cases_new_total": 1, "cases_cum_probable": 0, "cases_cum_confirmed": 5, "total_deaths_suspected": 0, "cases_new_suspected": 8, "total_deaths_all": 12, "cases_cum_suspected": 20, "date": "2014-04-09", "new_deaths_probable": 0, "new_deaths_confirmed": 0, "total_deaths_probable": 0, "cases_new_probable": 0, "cases_cum": 22}, {"cases_new_confirmed": 0, "total_deaths_confirmed": 0, "new_deaths_suspected": 0, "deaths": 0, "cases_new_total": 0, "cases_cum_probable": 0, "cases_cum_confirmed": 5, "total_deaths_suspected": 0, "cases_new_suspected": 0, "total_deaths_all": 10, "cases_cum_suspected": 12, "date": "2014-04-08", "new_deaths_probable": 0, "new_deaths_confirmed": 0, "total_deaths_probable": 0, "cases_new_probable": 0, "cases_cum": 21}, {"cases_new_confirmed": 3, "total_deaths_confirmed": 0, "new_deaths_suspected": 0, "deaths": 3, "cases_new_total": 3, "cases_cum_probable": 0, "cases_cum_confirmed": 5, "total_deaths_suspected": 0, "cases_new_suspected": 0, "total_deaths_all": 10, "cases_cum_suspected": 12, "date": "2014-04-07", "new_deaths_probable": 0, "new_deaths_confirmed": 0, "total_deaths_probable": 0, "cases_new_probable": 0, "cases_cum": 21}, {"cases_new_confirmed": 0, "total_deaths_confirmed": 0, "new_deaths_suspected": 0, "deaths": 0, "cases_new_total": 0, "cases_cum_probable": 0, "cases_cum_confirmed": 2, "total_deaths_suspected": 0, "cases_new_suspected": 0, "total_deaths_all": 7, "cases_cum_suspected": 12, "date": "2014-04-06", "new_deaths_probable": 0, "new_deaths_confirmed": 0, "total_deaths_probable": 0, "cases_new_probable": 0, "cases_cum": 18}, {"cases_new_confirmed": 0, "total_deaths_confirmed": 0, "new_deaths_suspected": 0, "deaths": 0, "cases_new_total": 0, "cases_cum_probable": 0, "cases_cum_confirmed": 2, "total_deaths_suspected": 0, "cases_new_suspected": 0, "total_deaths_all": 7, "cases_cum_suspected": 12, "date": "2014-04-05", "new_deaths_probable": 0, "new_deaths_confirmed": 0, "total_deaths_probable": 0, "cases_new_probable": 0, "cases_cum": 18}, {"cases_new_confirmed": 0, "total_deaths_confirmed": 0, "new_deaths_suspected": 0, "deaths": 3, "cases_new_total": 4, "cases_cum_probable": 0, "cases_cum_confirmed": 2, "total_deaths_suspected": 0, "cases_new_suspected": 0, "total_deaths_all": 7, "cases_cum_suspected": 12, "date": "2014-04-04", "new_deaths_probable": 0, "new_deaths_confirmed": 0, "total_deaths_probable": 0, "cases_new_probable": 0, "cases_cum": 18}, {"cases_new_confirmed": 0, "total_deaths_confirmed": 0, "new_deaths_suspected": 0, "deaths": 0, "cases_new_total": 0, "cases_cum_probable": 0, "cases_cum_confirmed": 2, "total_deaths_suspected": 0, "cases_new_suspected": 0, "total_deaths_all": 4, "cases_cum_suspected": 12, "date": "2014-04-03", "new_deaths_probable": 0, "new_deaths_confirmed": 0, "total_deaths_probable": 0, "cases_new_probable": 0, "cases_cum": 14}, {"cases_new_confirmed": 0, "total_deaths_confirmed": 0, "new_deaths_suspected": 0, "deaths": 0, "cases_new_total": 4, "cases_cum_probable": 0, "cases_cum_confirmed": 2, "total_deaths_suspected": 0, "cases_new_suspected": 4, "total_deaths_all": 4, "cases_cum_suspected": 12, "date": "2014-04-02", "new_deaths_probable": 0, "new_deaths_confirmed": 0, "total_deaths_probable": 0, "cases_new_probable": 0, "cases_cum": 14}, {"cases_new_confirmed": 2, "total_deaths_confirmed": 0, "new_deaths_suspected": 0, "deaths": 0, "cases_new_total": 2, "cases_cum_probable": 0, "cases_cum_confirmed": 2, "total_deaths_suspected": 0, "cases_new_suspected": 0, "total_deaths_all": 4, "cases_cum_suspected": 8, "date": "2014-04-01", "new_deaths_probable": 0, "new_deaths_confirmed": 0, "total_deaths_probable": 0, "cases_new_probable": 0, "cases_cum": 10}, {"cases_new_confirmed": 0, "total_deaths_confirmed": 0, "new_deaths_suspected": 0, "deaths": 0, "cases_new_total": 0, "cases_cum_probable": 0, "cases_cum_confirmed": 0, "total_deaths_suspected": 0, "cases_new_suspected": 0, "total_deaths_all": 4, "cases_cum_suspected": 8, "date": "2014-03-31", "new_deaths_probable": 0, "new_deaths_confirmed": 0, "total_deaths_probable": 0, "cases_new_probable": 0, "cases_cum": 8}, {"cases_new_confirmed": 0, "total_deaths_confirmed": 0, "new_deaths_suspected": 0, "deaths": 0, "cases_new_total": 0, "cases_cum_probable": 0, "cases_cum_confirmed": 0, "total_deaths_suspected": 0, "cases_new_suspected": 0, "total_deaths_all": 4, "cases_cum_suspected": 8, "date": "2014-03-30", "new_deaths_probable": 0, "new_deaths_confirmed": 0, "total_deaths_probable": 0, "cases_new_probable": 0, "cases_cum": 8}, {"cases_new_confirmed": 0, "total_deaths_confirmed": 0, "new_deaths_suspected": 0, "deaths": 0, "cases_new_total": 0, "cases_cum_probable": 0, "cases_cum_confirmed": 0, "total_deaths_suspected": 0, "cases_new_suspected": 0, "total_deaths_all": 4, "cases_cum_suspected": 8, "date": "2014-03-29", "new_deaths_probable": 0, "new_deaths_confirmed": 0, "total_deaths_probable": 0, "cases_new_probable": 0, "cases_cum": 8}, {"cases_new_confirmed": 0, "total_deaths_confirmed": 0, "new_deaths_suspected": 0, "deaths": 0, "cases_new_total": 0, "cases_cum_probable": 0, "cases_cum_confirmed": 0, "total_deaths_suspected": 0, "cases_new_suspected": 0, "total_deaths_all": 4, "cases_cum_suspected": 8, "date": "2014-03-28", "new_deaths_probable": 0, "new_deaths_confirmed": 0, "total_deaths_probable": 0, "cases_new_probable": 0, "cases_cum": 8}, {"cases_new_confirmed": 0, "total_deaths_confirmed": 0, "new_deaths_suspected": 0, "deaths": 0, "cases_new_total": 0, "cases_cum_probable": 0, "cases_cum_confirmed": 0, "total_deaths_suspected": 0, "cases_new_suspected": 0, "total_deaths_all": 4, "cases_cum_suspected": 8, "date": "2014-03-27", "new_deaths_probable": 0, "new_deaths_confirmed": 0, "total_deaths_probable": 0, "cases_new_probable": 0, "cases_cum": 8}, {"cases_new_confirmed": 0, "total_deaths_confirmed": 0, "new_deaths_suspected": 0, "deaths": 4, "cases_new_total": 8, "cases_cum_probable": 0, "cases_cum_confirmed": 0, "total_deaths_suspected": 0, "cases_new_suspected": 8, "total_deaths_all": 4, "cases_cum_suspected": 8, "date": "2014-03-26", "new_deaths_probable": 0, "new_deaths_confirmed": 0, "total_deaths_probable": 0, "cases_new_probable": 0, "cases_cum": 8}]
