[{"date": "2014-03-26", "hcw_deaths_cum": 0, "hcw_cases_cum": 0, "hcw_cases_new": null, "hcw_deaths_new": null}, {"date": "2014-03-27", "hcw_deaths_cum": 0, "hcw_cases_cum": 0, "hcw_cases_new": null, "hcw_deaths_new": null}, {"date": "2014-03-28", "hcw_deaths_cum": 0, "hcw_cases_cum": 0, "hcw_cases_new": null, "hcw_deaths_new": null}, {"date": "2014-03-29", "hcw_deaths_cum": 0, "hcw_cases_cum": 0, "hcw_cases_new": null, "hcw_deaths_new": null}, {"date": "2014-03-30", "hcw_deaths_cum": 0, "hcw_cases_cum": 0, "hcw_cases_new": null, "hcw_deaths_new": null}, {"date": "2014-03-31", "hcw_deaths_cum": 0, "hcw_cases_cum": 0, "hcw_cases_new": null, "hcw_deaths_new": null}, {"date": "2014-04-01", "hcw_deaths_cum": 0, "hcw_cases_cum": 0, "hcw_cases_new": null, "hcw_deaths_new": null}, {"date": "2014-04-02", "hcw_deaths_cum": 0, "hcw_cases_cum": 0, "hcw_cases_new": null, "hcw_deaths_new": null}, {"date": "2014-04-03", "hcw_deaths_cum": 0, "hcw_cases_cum": 0, "hcw_cases_new": null, "hcw_deaths_new": null}, {"date": "2014-04-04", "hcw_deaths_cum": 0, "hcw_cases_cum": 0, "hcw_cases_new": null, "hcw_deaths_new": null}, {"date": "2014-04-05", "hcw_deaths_cum": 0, "hcw_cases_cum": 0, "hcw_cases_new": null, "hcw_deaths_new": null}, {"date": "2014-04-06", "hcw_deaths_cum": 0, "hcw_cases_cum": 0, "hcw_cases_new": null, "hcw_deaths_new": null}, {"date": "2014-04-07", "hcw_deaths_cum": 0, "hcw_cases_cum": 0, "hcw_cases_new": null, "hcw_deaths_new": null}, {"date": "2014-04-08", "hcw_deaths_cum": 0, "hcw_cases_cum": 0, "hcw_cases_new": null, "hcw_deaths_new": null}, {"date": "2014-04-09", "hcw_deaths_cum": 0, "hcw_cases_cum": 0, "hcw_cases_new": null, "hcw_deaths_new": null}, {"date": "2014-04-10", "hcw_deaths_cum": 0, "hcw_cases_cum": 0, "hcw_cases_new": null, "hcw_deaths_new": null}, {"date": "2014-04-11", "hcw_deaths_cum": 0, "hcw_cases_cum": 0, "hcw_cases_new": null, "hcw_deaths_new": null}, {"date": "2014-04-12", "hcw_deaths_cum": 0, "hcw_cases_cum": 0, "hcw_cases_new": null, "hcw_deaths_new": null}, {"date": "2014-04-13", "hcw_deaths_cum": 0, "hcw_cases_cum": 0, "hcw_cases_new": null, "hcw_deaths_new": null}, {"date": "2014-04-14", "hcw_deaths_cum": 0, "hcw_cases_cum": 0, "hcw_cases_new": null, "hcw_deaths_new": null}, {"date": "2014-04-15", "hcw_deaths_cum": 0, "hcw_cases_cum": 0, "hcw_cases_new": null, "hcw_deaths_new": null}, {"date": "2014-04-16", "hcw_deaths_cum": 0, "hcw_cases_cum": 0, "hcw_cases_new": null, "hcw_deaths_new": null}, {"date": "2014-04-17", "hcw_deaths_cum": 0, "hcw_cases_cum": 0, "hcw_cases_new": null, "hcw_deaths_new": null}, {"date": "2014-04-18", "hcw_deaths_cum": 0, "hcw_cases_cum": 0, "hcw_cases_new": null, "hcw_deaths_new": null}, {"date": "2014-04-19", "hcw_deaths_cum": 2, "hcw_cases_cum": 2, "hcw_cases_new": null, "hcw_deaths_new": null}, {"date": "2014-04-20", "hcw_deaths_cum": 2, "hcw_cases_cum": 2, "hcw_cases_new": null, "hcw_deaths_new": null}, {"date": "2014-04-21", "hcw_deaths_cum": 2, "hcw_cases_cum": 2, "hcw_cases_new": null, "hcw_deaths_new": null}, {"date": "2014-04-22", "hcw_deaths_cum": 2, "hcw_cases_cum": 2, "hcw_cases_new": null, "hcw_deaths_new": null}, {"date": "2014-04-23", "hcw_deaths_cum": 2, "hcw_cases_cum": 2, "hcw_cases_new": null, "hcw_deaths_new": null}, {"date": "2014-04-24", "hcw_deaths_cum": 2, "hcw_cases_cum": 2, "hcw_cases_new": null, "hcw_deaths_new": null}, {"date": "2014-04-25", "hcw_deaths_cum": 2, "hcw_cases_cum": 2, "hcw_cases_new": null, "hcw_deaths_new": null}, {"date": "2014-04-26", "hcw_deaths_cum": 2, "hcw_cases_cum": 2, "hcw_cases_new": null, "hcw_deaths_new": null}, {"date": "2014-04-27", "hcw_deaths_cum": 2, "hcw_cases_cum": 2, "hcw_cases_new": null, "hcw_deaths_new": null}, {"date": "2014-04-28", "hcw_deaths_cum": 2, "hcw_cases_cum": 2, "hcw_cases_new": null, "hcw_deaths_new": null}, {"date": "2014-04-29", "hcw_deaths_cum": 2, "hcw_cases_cum": 2, "hcw_cases_new": null, "hcw_deaths_new": null}, {"date": "2014-04-30", "hcw_deaths_cum": 2, "hcw_cases_cum": 2, "hcw_cases_new": null, "hcw_deaths_new": null}, {"date": "2014-05-01", "hcw_deaths_cum": 2, "hcw_cases_cum": 2, "hcw_cases_new": null, "hcw_deaths_new": null}, {"date": "2014-05-02", "hcw_deaths_cum": 2, "hcw_cases_cum": 2, "hcw_cases_new": null, "hcw_deaths_new": null}, {"date": "2014-05-03", "hcw_deaths_cum": 2, "hcw_cases_cum": 2, "hcw_cases_new": null, "hcw_deaths_new": null}, {"date": "2014-05-04", "hcw_deaths_cum": 2, "hcw_cases_cum": 2, "hcw_cases_new": null, "hcw_deaths_new": null}, {"date": "2014-05-05", "hcw_deaths_cum": 2, "hcw_cases_cum": 2, "hcw_cases_new": null, "hcw_deaths_new": null}, {"date": "2014-05-06", "hcw_deaths_cum": 2, "hcw_cases_cum": 2, "hcw_cases_new": null, "hcw_deaths_new": null}, {"date": "2014-05-07", "hcw_deaths_cum": 2, "hcw_cases_cum": 2, "hcw_cases_new": null, "hcw_deaths_new": null}, {"date": "2014-05-08", "hcw_deaths_cum": 2, "hcw_cases_cum": 2, "hcw_cases_new": null, "hcw_deaths_new": null}, {"date": "2014-05-09", "hcw_deaths_cum": 2, "hcw_cases_cum": 2, "hcw_cases_new": null, "hcw_deaths_new": null}, {"date": "2014-05-10", "hcw_deaths_cum": 2, "hcw_cases_cum": 2, "hcw_cases_new": null, "hcw_deaths_new": null}, {"date": "2014-05-11", "hcw_deaths_cum": 2, "hcw_cases_cum": 2, "hcw_cases_new": null, "hcw_deaths_new": null}, {"date": "2014-05-12", "hcw_deaths_cum": 2, "hcw_cases_cum": 2, "hcw_cases_new": null, "hcw_deaths_new": null}, {"date": "2014-05-13", "hcw_deaths_cum": 2, "hcw_cases_cum": 2, "hcw_cases_new": null, "hcw_deaths_new": null}, {"date": "2014-05-14", "hcw_deaths_cum": 2, "hcw_cases_cum": 2, "hcw_cases_new": null, "hcw_deaths_new": null}, {"date": "2014-05-15", "hcw_deaths_cum": 2, "hcw_cases_cum": 2, "hcw_cases_new": null, "hcw_deaths_new": null}, {"date": "2014-05-16", "hcw_deaths_cum": 2, "hcw_cases_cum": 2, "hcw_cases_new": null, "hcw_deaths_new": null}, {"date": "2014-05-17", "hcw_deaths_cum": 2, "hcw_cases_cum": 2, "hcw_cases_new": null, "hcw_deaths_new": null}, {"date": "2014-05-18", "hcw_deaths_cum": 2, "hcw_cases_cum": 2, "hcw_cases_new": null, "hcw_deaths_new": null}, {"date": "2014-05-19", "hcw_deaths_cum": 2, "hcw_cases_cum": 2, "hcw_cases_new": null, "hcw_deaths_new": null}, {"date": "2014-05-20", "hcw_deaths_cum": 2, "hcw_cases_cum": 2, "hcw_cases_new": null, "hcw_deaths_new": null}, {"date": "2014-05-21", "hcw_deaths_cum": 2, "hcw_cases_cum": 2, "hcw_cases_new": null, "hcw_deaths_new": null}, {"date": "2014-05-22", "hcw_deaths_cum": 2, "hcw_cases_cum": 2, "hcw_cases_new": null, "hcw_deaths_new": null}, {"date": "2014-05-23", "hcw_deaths_cum": 2, "hcw_cases_cum": 2, "hcw_cases_new": null, "hcw_deaths_new": null}, {"date": "2014-05-24", "hcw_deaths_cum": 2, "hcw_cases_cum": 2, "hcw_cases_new": null, "hcw_deaths_new": null}, {"date": "2014-05-25", "hcw_deaths_cum": 2, "hcw_cases_cum": 2, "hcw_cases_new": null, "hcw_deaths_new": null}, {"date": "2014-05-26", "hcw_deaths_cum": 2, "hcw_cases_cum": 2, "hcw_cases_new": null, "hcw_deaths_new": null}, {"date": "2014-05-27", "hcw_deaths_cum": 2, "hcw_cases_cum": 2, "hcw_cases_new": null, "hcw_deaths_new": null}, {"date": "2014-05-28", "hcw_deaths_cum": 2, "hcw_cases_cum": 2, "hcw_cases_new": null, "hcw_deaths_new": null}, {"date": "2014-05-29", "hcw_deaths_cum": 2, "hcw_cases_cum": 2, "hcw_cases_new": null, "hcw_deaths_new": null}, {"date": "2014-05-30", "hcw_deaths_cum": 2, "hcw_cases_cum": 2, "hcw_cases_new": null, "hcw_deaths_new": null}, {"date": "2014-05-31", "hcw_deaths_cum": 2, "hcw_cases_cum": 2, "hcw_cases_new": null, "hcw_deaths_new": null}, {"date": "2014-06-01", "hcw_deaths_cum": 2, "hcw_cases_cum": 2, "hcw_cases_new": null, "hcw_deaths_new": null}, {"date": "2014-06-02", "hcw_deaths_cum": 2, "hcw_cases_cum": 2, "hcw_cases_new": null, "hcw_deaths_new": null}, {"date": "2014-06-03", "hcw_deaths_cum": 2, "hcw_cases_cum": 2, "hcw_cases_new": null, "hcw_deaths_new": null}, {"date": "2014-06-04", "hcw_deaths_cum": 2, "hcw_cases_cum": 2, "hcw_cases_new": null, "hcw_deaths_new": null}, {"date": "2014-06-05", "hcw_deaths_cum": 2, "hcw_cases_cum": 2, "hcw_cases_new": null, "hcw_deaths_new": null}, {"date": "2014-06-06", "hcw_deaths_cum": 2, "hcw_cases_cum": 2, "hcw_cases_new": null, "hcw_deaths_new": null}, {"date": "2014-06-07", "hcw_deaths_cum": 2, "hcw_cases_cum": 2, "hcw_cases_new": null, "hcw_deaths_new": null}, {"date": "2014-06-08", "hcw_deaths_cum": 2, "hcw_cases_cum": 2, "hcw_cases_new": null, "hcw_deaths_new": null}, {"date": "2014-06-09", "hcw_deaths_cum": 2, "hcw_cases_cum": 2, "hcw_cases_new": null, "hcw_deaths_new": null}, {"date": "2014-06-10", "hcw_deaths_cum": 2, "hcw_cases_cum": 2, "hcw_cases_new": null, "hcw_deaths_new": null}, {"date": "2014-06-11", "hcw_deaths_cum": 2, "hcw_cases_cum": 2, "hcw_cases_new": null, "hcw_deaths_new": null}, {"date": "2014-06-12", "hcw_deaths_cum": 2, "hcw_cases_cum": 2, "hcw_cases_new": null, "hcw_deaths_new": null}, {"date": "2014-06-13", "hcw_deaths_cum": 2, "hcw_cases_cum": 2, "hcw_cases_new": null, "hcw_deaths_new": null}, {"date": "2014-06-14", "hcw_deaths_cum": 2, "hcw_cases_cum": 2, "hcw_cases_new": null, "hcw_deaths_new": null}, {"date": "2014-06-15", "hcw_deaths_cum": 2, "hcw_cases_cum": 2, "hcw_cases_new": null, "hcw_deaths_new": null}, {"date": "2014-06-16", "hcw_deaths_cum": 3, "hcw_cases_cum": 3, "hcw_cases_new": null, "hcw_deaths_new": null}, {"date": "2014-06-17", "hcw_deaths_cum": 3, "hcw_cases_cum": 3, "hcw_cases_new": null, "hcw_deaths_new": null}, {"date": "2014-06-18", "hcw_deaths_cum": 3, "hcw_cases_cum": 3, "hcw_cases_new": null, "hcw_deaths_new": null}, {"date": "2014-06-19", "hcw_deaths_cum": 3, "hcw_cases_cum": 3, "hcw_cases_new": null, "hcw_deaths_new": null}, {"date": "2014-06-20", "hcw_deaths_cum": 3, "hcw_cases_cum": 3, "hcw_cases_new": null, "hcw_deaths_new": null}, {"date": "2014-06-21", "hcw_deaths_cum": 3, "hcw_cases_cum": 3, "hcw_cases_new": null, "hcw_deaths_new": null}, {"date": "2014-06-22", "hcw_deaths_cum": 3, "hcw_cases_cum": 3, "hcw_cases_new": null, "hcw_deaths_new": null}, {"date": "2014-06-23", "hcw_deaths_cum": 4, "hcw_cases_cum": 4, "hcw_cases_new": null, "hcw_deaths_new": null}, {"date": "2014-06-24", "hcw_deaths_cum": 4, "hcw_cases_cum": 4, "hcw_cases_new": null, "hcw_deaths_new": null}, {"date": "2014-06-25", "hcw_deaths_cum": 4, "hcw_cases_cum": 4, "hcw_cases_new": null, "hcw_deaths_new": null}, {"date": "2014-06-26", "hcw_deaths_cum": 4, "hcw_cases_cum": 4, "hcw_cases_new": null, "hcw_deaths_new": null}, {"date": "2014-06-27", "hcw_deaths_cum": 4, "hcw_cases_cum": 4, "hcw_cases_new": null, "hcw_deaths_new": null}, {"date": "2014-06-28", "hcw_deaths_cum": 4, "hcw_cases_cum": 4, "hcw_cases_new": null, "hcw_deaths_new": null}, {"date": "2014-06-29", "hcw_deaths_cum": 5, "hcw_cases_cum": 9, "hcw_cases_new": null, "hcw_deaths_new": null}, {"date": "2014-06-30", "hcw_deaths_cum": 7, "hcw_cases_cum": 10, "hcw_cases_new": null, "hcw_deaths_new": null}, {"date": "2014-07-01", "hcw_deaths_cum": 8, "hcw_cases_cum": 10, "hcw_cases_new": null, "hcw_deaths_new": null}, {"date": "2014-07-02", "hcw_deaths_cum": 10, "hcw_cases_cum": 12, "hcw_cases_new": null, "hcw_deaths_new": null}, {"date": "2014-07-03", "hcw_deaths_cum": 11, "hcw_cases_cum": 12, "hcw_cases_new": null, "hcw_deaths_new": null}, {"date": "2014-07-04", "hcw_deaths_cum": 11, "hcw_cases_cum": 12, "hcw_cases_new": null, "hcw_deaths_new": null}, {"date": "2014-07-05", "hcw_deaths_cum": 11, "hcw_cases_cum": 12, "hcw_cases_new": null, "hcw_deaths_new": null}, {"date": "2014-07-06", "hcw_deaths_cum": 11, "hcw_cases_cum": 12, "hcw_cases_new": null, "hcw_deaths_new": null}, {"date": "2014-07-07", "hcw_deaths_cum": 11, "hcw_cases_cum": 12, "hcw_cases_new": null, "hcw_deaths_new": null}, {"date": "2014-07-08", "hcw_deaths_cum": 11, "hcw_cases_cum": 12, "hcw_cases_new": null, "hcw_deaths_new": null}, {"date": "2014-07-09", "hcw_deaths_cum": 11, "hcw_cases_cum": 12, "hcw_cases_new": null, "hcw_deaths_new": null}, {"date": "2014-07-10", "hcw_deaths_cum": 11, "hcw_cases_cum": 12, "hcw_cases_new": null, "hcw_deaths_new": null}, {"date": "2014-07-11", "hcw_deaths_cum": 11, "hcw_cases_cum": 12, "hcw_cases_new": null, "hcw_deaths_new": null}, {"date": "2014-07-12", "hcw_deaths_cum": 11, "hcw_cases_cum": 12, "hcw_cases_new": null, "hcw_deaths_new": null}, {"date": "2014-07-13", "hcw_deaths_cum": 11, "hcw_cases_cum": 12, "hcw_cases_new": null, "hcw_deaths_new": null}, {"date": "2014-07-14", "hcw_deaths_cum": 11, "hcw_cases_cum": 12, "hcw_cases_new": null, "hcw_deaths_new": null}, {"date": "2014-07-15", "hcw_deaths_cum": 11, "hcw_cases_cum": 12, "hcw_cases_new": null, "hcw_deaths_new": null}, {"date": "2014-07-16", "hcw_deaths_cum": 11, "hcw_cases_cum": 18, "hcw_cases_new": null, "hcw_deaths_new": null}, {"date": "2014-07-17", "hcw_deaths_cum": 11, "hcw_cases_cum": 18, "hcw_cases_new": null, "hcw_deaths_new": null}, {"date": "2014-07-18", "hcw_deaths_cum": 11, "hcw_cases_cum": 18, "hcw_cases_new": null, "hcw_deaths_new": null}, {"date": "2014-07-19", "hcw_deaths_cum": 12, "hcw_cases_cum": 21, "hcw_cases_new": null, "hcw_deaths_new": null}, {"date": "2014-07-20", "hcw_deaths_cum": 12, "hcw_cases_cum": 29, "hcw_cases_new": null, "hcw_deaths_new": null}, {"date": "2014-07-21", "hcw_deaths_cum": 12, "hcw_cases_cum": 30, "hcw_cases_new": null, "hcw_deaths_new": null}, {"date": "2014-07-22", "hcw_deaths_cum": 12, "hcw_cases_cum": 31, "hcw_cases_new": null, "hcw_deaths_new": null}, {"date": "2014-07-23", "hcw_deaths_cum": 16, "hcw_cases_cum": 34, "hcw_cases_new": null, "hcw_deaths_new": null}, {"date": "2014-07-24", "hcw_deaths_cum": 17, "hcw_cases_cum": 39, "hcw_cases_new": null, "hcw_deaths_new": null}, {"date": "2014-07-25", "hcw_deaths_cum": 0, "hcw_cases_cum": 0, "hcw_cases_new": null, "hcw_deaths_new": null}, {"date": "2014-07-26", "hcw_deaths_cum": 23, "hcw_cases_cum": 39, "hcw_cases_new": null, "hcw_deaths_new": null}, {"date": "2014-07-27", "hcw_deaths_cum": 0, "hcw_cases_cum": 0, "hcw_cases_new": null, "hcw_deaths_new": null}, {"date": "2014-07-28", "hcw_deaths_cum": 28, "hcw_cases_cum": 47, "hcw_cases_new": null, "hcw_deaths_new": null}, {"date": "2014-07-29", "hcw_deaths_cum": 0, "hcw_cases_cum": 0, "hcw_cases_new": null, "hcw_deaths_new": null}, {"date": "2014-07-30", "hcw_deaths_cum": 0, "hcw_cases_cum": 0, "hcw_cases_new": null, "hcw_deaths_new": null}, {"date": "2014-07-31", "hcw_deaths_cum": 37, "hcw_cases_cum": 61, "hcw_cases_new": null, "hcw_deaths_new": null}, {"date": "2014-08-01", "hcw_deaths_cum": 37, "hcw_cases_cum": 62, "hcw_cases_new": null, "hcw_deaths_new": null}, {"date": "2014-08-02", "hcw_deaths_cum": 37, "hcw_cases_cum": 62, "hcw_cases_new": null, "hcw_deaths_new": null}, {"date": "2014-08-03", "hcw_deaths_cum": 0, "hcw_cases_cum": 0, "hcw_cases_new": null, "hcw_deaths_new": null}, {"date": "2014-08-04", "hcw_deaths_cum": 34, "hcw_cases_cum": 65, "hcw_cases_new": null, "hcw_deaths_new": null}, {"date": "2014-08-05", "hcw_deaths_cum": 0, "hcw_cases_cum": 0, "hcw_cases_new": null, "hcw_deaths_new": null}, {"date": "2014-08-06", "hcw_deaths_cum": 35, "hcw_cases_cum": 76, "hcw_cases_new": null, "hcw_deaths_new": null}, {"date": "2014-08-07", "hcw_deaths_cum": 35, "hcw_cases_cum": 78, "hcw_cases_new": null, "hcw_deaths_new": null}, {"date": "2014-08-08", "hcw_deaths_cum": 35, "hcw_cases_cum": 79, "hcw_cases_new": null, "hcw_deaths_new": null}, {"date": "2014-08-09", "hcw_deaths_cum": 35, "hcw_cases_cum": 81, "hcw_cases_new": null, "hcw_deaths_new": null}, {"date": "2014-08-10", "hcw_deaths_cum": 0, "hcw_cases_cum": 0, "hcw_cases_new": null, "hcw_deaths_new": null}, {"date": "2014-08-11", "hcw_deaths_cum": 0, "hcw_cases_cum": 0, "hcw_cases_new": null, "hcw_deaths_new": null}, {"date": "2014-08-12", "hcw_deaths_cum": 36, "hcw_cases_cum": 85, "hcw_cases_new": null, "hcw_deaths_new": null}, {"date": "2014-08-13", "hcw_deaths_cum": 38, "hcw_cases_cum": 90, "hcw_cases_new": null, "hcw_deaths_new": null}, {"date": "2014-08-14", "hcw_deaths_cum": 41, "hcw_cases_cum": 92, "hcw_cases_new": null, "hcw_deaths_new": null}, {"date": "2014-08-15", "hcw_deaths_cum": 44, "hcw_cases_cum": 94, "hcw_cases_new": null, "hcw_deaths_new": null}, {"date": "2014-08-16", "hcw_deaths_cum": 44, "hcw_cases_cum": 95, "hcw_cases_new": null, "hcw_deaths_new": null}, {"date": "2014-08-17", "hcw_deaths_cum": 44, "hcw_cases_cum": 95, "hcw_cases_new": null, "hcw_deaths_new": null}, {"date": "2014-08-18", "hcw_deaths_cum": 60, "hcw_cases_cum": 115, "hcw_cases_new": null, "hcw_deaths_new": null}, {"date": "2014-08-19", "hcw_deaths_cum": 60, "hcw_cases_cum": 117, "hcw_cases_new": null, "hcw_deaths_new": null}, {"date": "2014-08-20", "hcw_deaths_cum": 63, "hcw_cases_cum": 117, "hcw_cases_new": null, "hcw_deaths_new": null}, {"date": "2014-08-21", "hcw_deaths_cum": 0, "hcw_cases_cum": 0, "hcw_cases_new": null, "hcw_deaths_new": null}, {"date": "2014-08-22", "hcw_deaths_cum": 67, "hcw_cases_cum": 126, "hcw_cases_new": null, "hcw_deaths_new": null}, {"date": "2014-08-23", "hcw_deaths_cum": 0, "hcw_cases_cum": 0, "hcw_cases_new": null, "hcw_deaths_new": null}, {"date": "2014-08-24", "hcw_deaths_cum": 69, "hcw_cases_cum": 133, "hcw_cases_new": null, "hcw_deaths_new": null}, {"date": "2014-08-25", "hcw_deaths_cum": 67, "hcw_cases_cum": 132, "hcw_cases_new": 1, "hcw_deaths_new": 0}, {"date": "2014-08-26", "hcw_deaths_cum": 70, "hcw_cases_cum": 137, "hcw_cases_new": 5, "hcw_deaths_new": 3}, {"date": "2014-08-27", "hcw_deaths_cum": 71, "hcw_cases_cum": 137, "hcw_cases_new": 0, "hcw_deaths_new": 0}]
