{"deaths": 47, "cases_cum_confirmed": 700, "hcw_deaths_cum": 78, "new_deaths_probable": null, "new_deaths_confirmed": null, "total_deaths_probable": 443, "CFR": "57", "new_weekly_cases": 421, "cases_new_confirmed": 12, "cases_new_total": 65, "cases_cum": 2184, "cases_new_suspected": 29, "new_weekly_cases_hcw": 15, "cases_cum_suspected": 479, "hcw_cases_new": 1, "total_deaths_confirmed": 530, "hc_workers": null, "pct_change_death_hcw": -42.86, "location__slug": "national", "pct_change_cases_hcw": -11.76, "total_deaths_suspected": 239, "new_weekly_deaths": 208, "hcw_cases_cum": 164, "pct_change_death": -10.73, "location__name": "National", "sit_rep__day_of_year": 251, "new_weekly_deaths_hcw": 4, "new_deaths_suspected": null, "sit_rep__date": "2014-09-08", "cases_cum_probable": 1005, "total_deaths_all": 1212, "hcw_deaths_new": 0, "pct_change_cases": 14.4, "cases_new_probable": 24}

deaths
cases_cum_confirmed
hcw_deaths_cum
new_deaths_probable
new_deaths_confirmed
total_deaths_probable
CFR
new_weekly_cases
cases_new_confirmed
cases_new_total
cases_cum
cases_new_suspected
new_weekly_cases_hcw
cases_cum_suspected
hcw_cases_new
total_deaths_confirmed
hc_workers
pct_change_death_hcw
location__slug
pct_change_cases_hcw
total_deaths_suspected
new_weekly_deaths
hcw_cases_cum
pct_change_death
location__name
sit_rep__day_of_year
new_weekly_deaths_hcw
new_deaths_suspected
sit_rep__date
cases_cum_probable
total_deaths_all
hcw_deaths_new
pct_change_cases
cases_new_probable
