{"cases": {"cases_cum_probable": [37, 41, 0, 12, 5, 0, 0, 370, 141, 5, 333, 58, 3, 0, 0], "cases_cum_confirmed": [33, 44, 0, 13, 4, 0, 0, 258, 33, 0, 266, 47, 0, 1, 1], "cases_cum_suspected": [4, 88, 1, 21, 5, 3, 0, 53, 164, 1, 108, 24, 6, 0, 1]}, "deaths": {"total_deaths_confirmed": [27, 11, 0, 13, 4, 0, 0, 165, 30, 0, 249, 31, 0, 0, 0], "total_deaths_suspected": [0, 22, 0, 3, 5, 2, 0, 35, 54, 0, 101, 12, 5, 0, 0], "total_deaths_probable": [20, 13, 0, 3, 3, 0, 0, 158, 64, 4, 134, 43, 0, 1, 0]}}
