{"deaths": null, "cases_cum_confirmed": 925, "hcw_deaths_cum": 92, "new_deaths_probable": null, "new_deaths_confirmed": null, "total_deaths_probable": 675, "CFR": "60", "new_weekly_cases": 903, "cases_new_confirmed": 1, "cases_new_total": 48, "cases_cum": 3826, "cases_new_suspected": 33, "new_weekly_cases_hcw": 13, "cases_cum_suspected": 1190, "hcw_cases_new": null, "total_deaths_confirmed": 928, "hc_workers": null, "pct_change_death_hcw": 0.0, "location__slug": "national", "pct_change_cases_hcw": -45.83, "total_deaths_suspected": 455, "new_weekly_deaths": 519, "hcw_cases_cum": 186, "pct_change_death": -2.99, "location__name": "National", "sit_rep__day_of_year": 266, "new_weekly_deaths_hcw": 9, "new_deaths_suspected": null, "sit_rep__date": "2014-09-23", "cases_cum_probable": 1711, "total_deaths_all": 2058, "hcw_deaths_new": null, "pct_change_cases": -22.16, "cases_new_probable": 14}

deaths
cases_cum_confirmed
hcw_deaths_cum
new_deaths_probable
new_deaths_confirmed
total_deaths_probable
CFR
new_weekly_cases
cases_new_confirmed
cases_new_total
cases_cum
cases_new_suspected
new_weekly_cases_hcw
cases_cum_suspected
hcw_cases_new
total_deaths_confirmed
hc_workers
pct_change_death_hcw
location__slug
pct_change_cases_hcw
total_deaths_suspected
new_weekly_deaths
hcw_cases_cum
pct_change_death
location__name
sit_rep__day_of_year
new_weekly_deaths_hcw
new_deaths_suspected
sit_rep__date
cases_cum_probable
total_deaths_all
hcw_deaths_new
pct_change_cases
cases_new_probable
