[{"deaths": null, "cases_cum_confirmed": 925, "hcw_deaths_cum": 92, "new_deaths_probable": null, "new_deaths_confirmed": null, "total_deaths_probable": 675, "CFR": "60", "new_weekly_cases": 903, "cases_new_confirmed": 1, "cases_new_total": 48, "cases_cum": 3826, "cases_new_suspected": 33, "new_weekly_cases_hcw": 13, "cases_cum_suspected": 1190, "hcw_cases_new": null, "total_deaths_confirmed": 928, "hc_workers": null, "pct_change_death_hcw": 0.0, "location__slug": "national", "pct_change_cases_hcw": -45.83, "total_deaths_suspected": 455, "new_weekly_deaths": 519, "hcw_cases_cum": 186, "pct_change_death": -2.99, "location__name": "National", "sit_rep__day_of_year": 266, "new_weekly_deaths_hcw": 9, "new_deaths_suspected": null, "sit_rep__date": "2014-09-23", "cases_cum_probable": 1711, "total_deaths_all": 2058, "hcw_deaths_new": null, "pct_change_cases": -22.16, "cases_new_probable": 14}, {"deaths": 54, "cases_cum_confirmed": 847, "hcw_deaths_cum": 83, "new_deaths_probable": null, "new_deaths_confirmed": null, "total_deaths_probable": 535, "CFR": "55", "cases_new_confirmed": 4, "cases_new_total": 99, "cases_cum": 2923, "cases_new_suspected": 53, "cases_cum_suspected": 766, "hcw_cases_new": 1, "total_deaths_confirmed": 659, "hc_workers": null, "location__slug": "national", "total_deaths_suspected": 345, "hcw_cases_cum": 173, "location__name": "National", "sit_rep__day_of_year": 259, "new_deaths_suspected": null, "sit_rep__date": "2014-09-16", "cases_cum_probable": 1310, "total_deaths_all": 1539, "hcw_deaths_new": 0, "cases_new_probable": 42}, {"deaths": null, "cases_cum_confirmed": 406, "hcw_deaths_cum": 74, "new_deaths_probable": null, "new_deaths_confirmed": null, "total_deaths_probable": 379, "CFR": "61", "cases_new_confirmed": 14, "cases_new_total": 3046, "cases_cum": 1763, "cases_new_suspected": 3000, "cases_cum_suspected": 512, "hcw_cases_new": null, "total_deaths_confirmed": 390, "hc_workers": null, "location__slug": "national", "total_deaths_suspected": 235, "hcw_cases_cum": 149, "location__name": "National", "sit_rep__day_of_year": 252, "new_deaths_suspected": null, "sit_rep__date": "2014-09-09", "cases_cum_probable": 845, "total_deaths_all": 1004, "hcw_deaths_new": null, "cases_new_probable": 32}, {"deaths": 47, "cases_cum_confirmed": 590, "hcw_deaths_cum": 74, "new_deaths_probable": null, "new_deaths_confirmed": null, "total_deaths_probable": 390, "CFR": "54", "cases_new_confirmed": 3, "cases_new_total": 76, "cases_cum": 1839, "cases_new_suspected": 35, "cases_cum_suspected": 366, "hcw_cases_new": 2, "total_deaths_confirmed": 414, "hc_workers": null, "location__slug": "national", "total_deaths_suspected": 247, "hcw_cases_cum": 151, "location__name": "National", "sit_rep__day_of_year": 245, "new_deaths_suspected": null, "sit_rep__date": "2014-09-02", "cases_cum_probable": 883, "total_deaths_all": 1051, "hcw_deaths_new": 0, "cases_new_probable": 38}, {"deaths": 52, "cases_cum_confirmed": 342, "hcw_deaths_cum": 70, "new_deaths_probable": null, "new_deaths_confirmed": null, "total_deaths_probable": 322, "CFR": "0.0", "cases_new_confirmed": 19, "cases_new_total": 84, "cases_cum": 1463, "cases_new_suspected": 28, "cases_cum_suspected": 425, "hcw_cases_new": 5, "total_deaths_confirmed": 307, "hc_workers": null, "location__slug": "national", "total_deaths_suspected": 194, "hcw_cases_cum": 137, "location__name": "National", "sit_rep__day_of_year": 238, "new_deaths_suspected": null, "sit_rep__date": "2014-08-26", "cases_cum_probable": 696, "total_deaths_all": 823, "hcw_deaths_new": 3, "cases_new_probable": 37}, {"deaths": 20, "cases_cum_confirmed": 250, "hcw_deaths_cum": 60, "new_deaths_probable": 13, "new_deaths_confirmed": 5, "total_deaths_probable": 252, "CFR": null, "cases_new_confirmed": 0, "cases_new_total": 60, "cases_cum": 1032, "cases_new_suspected": 13, "cases_cum_suspected": 241, "hcw_cases_new": null, "total_deaths_confirmed": 217, "hc_workers": null, "location__slug": "national", "total_deaths_suspected": 129, "hcw_cases_cum": 117, "location__name": "National", "sit_rep__day_of_year": 231, "new_deaths_suspected": 4, "sit_rep__date": "2014-08-19", "cases_cum_probable": 541, "total_deaths_all": 598, "hcw_deaths_new": null, "cases_new_probable": 47}, {"deaths": 29, "cases_cum_confirmed": 166, "hcw_deaths_cum": 36, "new_deaths_probable": 0, "new_deaths_confirmed": 0, "total_deaths_probable": 158, "CFR": null, "cases_new_confirmed": 2, "cases_new_total": 60, "cases_cum": 688, "cases_new_suspected": 9, "cases_cum_suspected": 155, "hcw_cases_new": null, "total_deaths_confirmed": 152, "hc_workers": null, "location__slug": "national", "total_deaths_suspected": 54, "hcw_cases_cum": 85, "location__name": "National", "sit_rep__day_of_year": 224, "new_deaths_suspected": 0, "sit_rep__date": "2014-08-12", "cases_cum_probable": 367, "total_deaths_all": 364, "hcw_deaths_new": null, "cases_new_probable": 49}, {"deaths": 14, "cases_cum_confirmed": 143, "hcw_deaths_cum": 34, "new_deaths_probable": 9, "new_deaths_confirmed": 4, "total_deaths_probable": 125, "CFR": "", "cases_new_confirmed": 0, "cases_new_total": 37, "cases_cum": 516, "cases_new_suspected": 14, "cases_cum_suspected": 121, "hcw_cases_new": null, "total_deaths_confirmed": 128, "hc_workers": null, "location__slug": "national", "total_deaths_suspected": 44, "hcw_cases_cum": 65, "location__name": "National", "sit_rep__day_of_year": 217, "new_deaths_suspected": 1, "sit_rep__date": "2014-08-05", "cases_cum_probable": 252, "total_deaths_all": 282, "hcw_deaths_new": 0, "cases_new_probable": 18}, {"deaths": 12, "cases_cum_confirmed": 120, "hcw_deaths_cum": 28, "new_deaths_probable": 7, "new_deaths_confirmed": 4, "total_deaths_probable": 100, "CFR": "", "cases_new_confirmed": 0, "cases_new_total": 30, "cases_cum": 500, "cases_new_suspected": 10, "cases_cum_suspected": 115, "hcw_cases_new": null, "total_deaths_confirmed": 115, "hc_workers": null, "location__slug": "national", "total_deaths_suspected": 38, "hcw_cases_cum": 60, "location__name": "National", "sit_rep__day_of_year": 210, "new_deaths_suspected": 1, "sit_rep__date": "2014-07-29", "cases_cum_probable": 235, "total_deaths_all": 275, "hcw_deaths_new": 0, "cases_new_probable": 14}, {"deaths": -8, "cases_cum_confirmed": 84, "hcw_deaths_cum": 12, "new_deaths_probable": 4, "new_deaths_confirmed": 0, "total_deaths_probable": 50, "CFR": null, "cases_new_confirmed": 2, "cases_new_total": 19, "cases_cum": 249, "cases_new_suspected": 3, "cases_cum_suspected": 81, "hcw_cases_new": null, "total_deaths_confirmed": 60, "hc_workers": null, "location__slug": "national", "total_deaths_suspected": 19, "hcw_cases_cum": 31, "location__name": "National", "sit_rep__day_of_year": 203, "new_deaths_suspected": -12, "sit_rep__date": "2014-07-22", "cases_cum_probable": 84, "total_deaths_all": 129, "hcw_deaths_new": null, "cases_new_probable": 14}, {"deaths": 0, "cases_cum_confirmed": 70, "hcw_deaths_cum": 11, "new_deaths_probable": 0, "new_deaths_confirmed": 0, "total_deaths_probable": 30, "CFR": null, "cases_new_confirmed": 0, "cases_new_total": 0, "cases_cum": 174, "cases_new_suspected": 0, "cases_cum_suspected": 62, "hcw_cases_new": null, "total_deaths_confirmed": 46, "hc_workers": null, "location__slug": "national", "total_deaths_suspected": 20, "hcw_cases_cum": 12, "location__name": "National", "sit_rep__day_of_year": 196, "new_deaths_suspected": 0, "sit_rep__date": "2014-07-15", "cases_cum_probable": 42, "total_deaths_all": 106, "hcw_deaths_new": null, "cases_new_probable": 0}, {"deaths": 0, "cases_cum_confirmed": 62, "hcw_deaths_cum": 11, "new_deaths_probable": 0, "new_deaths_confirmed": 0, "total_deaths_probable": 28, "CFR": null, "cases_new_confirmed": 0, "cases_new_total": 0, "cases_cum": 138, "cases_new_suspected": 0, "cases_cum_suspected": 38, "hcw_cases_new": null, "total_deaths_confirmed": 43, "hc_workers": null, "location__slug": "national", "total_deaths_suspected": 18, "hcw_cases_cum": 12, "location__name": "National", "sit_rep__day_of_year": 189, "new_deaths_suspected": 0, "sit_rep__date": "2014-07-08", "cases_cum_probable": 32, "total_deaths_all": 89, "hcw_deaths_new": null, "cases_new_probable": 0}, {"deaths": 5, "cases_cum_confirmed": 48, "hcw_deaths_cum": 8, "new_deaths_probable": 2, "new_deaths_confirmed": 3, "total_deaths_probable": 17, "CFR": null, "cases_new_confirmed": 2, "cases_new_total": 4, "cases_cum": 100, "cases_new_suspected": 2, "cases_cum_suspected": 33, "hcw_cases_new": null, "total_deaths_confirmed": 30, "hc_workers": null, "location__slug": "national", "total_deaths_suspected": 14, "hcw_cases_cum": 10, "location__name": "National", "sit_rep__day_of_year": 182, "new_deaths_suspected": 0, "sit_rep__date": "2014-07-01", "cases_cum_probable": 19, "total_deaths_all": 61, "hcw_deaths_new": null, "cases_new_probable": 0}, {"deaths": 4, "cases_cum_confirmed": 39, "hcw_deaths_cum": 4, "new_deaths_probable": 0, "new_deaths_confirmed": 2, "total_deaths_probable": 10, "CFR": null, "cases_new_confirmed": 4, "cases_new_total": 1, "cases_cum": 63, "cases_new_suspected": -3, "cases_cum_suspected": 14, "hcw_cases_new": null, "total_deaths_confirmed": 25, "hc_workers": null, "location__slug": "national", "total_deaths_suspected": 6, "hcw_cases_cum": 4, "location__name": "National", "sit_rep__day_of_year": 175, "new_deaths_suspected": 2, "sit_rep__date": "2014-06-24", "cases_cum_probable": 10, "total_deaths_all": 41, "hcw_deaths_new": null, "cases_new_probable": 0}, {"deaths": 0, "cases_cum_confirmed": 18, "hcw_deaths_cum": 3, "new_deaths_probable": 0, "new_deaths_confirmed": 0, "total_deaths_probable": 8, "CFR": null, "cases_new_confirmed": 0, "cases_new_total": 0, "cases_cum": 30, "cases_new_suspected": 0, "cases_cum_suspected": 4, "hcw_cases_new": null, "total_deaths_confirmed": 14, "hc_workers": null, "location__slug": "national", "total_deaths_suspected": 2, "hcw_cases_cum": 3, "location__name": "National", "sit_rep__day_of_year": 168, "new_deaths_suspected": 0, "sit_rep__date": "2014-06-17", "cases_cum_probable": 8, "total_deaths_all": 24, "hcw_deaths_new": null, "cases_new_probable": 0}, {"deaths": 0, "cases_cum_confirmed": 6, "hcw_deaths_cum": 2, "new_deaths_probable": 0, "new_deaths_confirmed": 0, "total_deaths_probable": 2, "CFR": null, "cases_new_confirmed": 0, "cases_new_total": 0, "cases_cum": 13, "cases_new_suspected": 0, "cases_cum_suspected": 5, "hcw_cases_new": null, "total_deaths_confirmed": 6, "hc_workers": null, "location__slug": "national", "total_deaths_suspected": 2, "hcw_cases_cum": 2, "location__name": "National", "sit_rep__day_of_year": 161, "new_deaths_suspected": 0, "sit_rep__date": "2014-06-10", "cases_cum_probable": 2, "total_deaths_all": 12, "hcw_deaths_new": null, "cases_new_probable": 0}, {"deaths": 0, "cases_cum_confirmed": 6, "hcw_deaths_cum": 2, "new_deaths_probable": 0, "new_deaths_confirmed": 0, "total_deaths_probable": 2, "CFR": null, "cases_new_confirmed": 0, "cases_new_total": 0, "cases_cum": 13, "cases_new_suspected": 0, "cases_cum_suspected": 5, "hcw_cases_new": null, "total_deaths_confirmed": 6, "hc_workers": null, "location__slug": "national", "total_deaths_suspected": 2, "hcw_cases_cum": 2, "location__name": "National", "sit_rep__day_of_year": 154, "new_deaths_suspected": 0, "sit_rep__date": "2014-06-03", "cases_cum_probable": 2, "total_deaths_all": 12, "hcw_deaths_new": null, "cases_new_probable": 0}, {"deaths": 0, "cases_cum_confirmed": 6, "hcw_deaths_cum": 2, "new_deaths_probable": 0, "new_deaths_confirmed": 0, "total_deaths_probable": 2, "CFR": null, "cases_new_confirmed": 0, "cases_new_total": 0, "cases_cum": 12, "cases_new_suspected": 0, "cases_cum_suspected": 4, "hcw_cases_new": null, "total_deaths_confirmed": 6, "hc_workers": null, "location__slug": "national", "total_deaths_suspected": 1, "hcw_cases_cum": 2, "location__name": "National", "sit_rep__day_of_year": 147, "new_deaths_suspected": 0, "sit_rep__date": "2014-05-27", "cases_cum_probable": 2, "total_deaths_all": 11, "hcw_deaths_new": null, "cases_new_probable": 0}, {"deaths": 0, "cases_cum_confirmed": 6, "hcw_deaths_cum": 2, "new_deaths_probable": 0, "new_deaths_confirmed": 0, "total_deaths_probable": 2, "CFR": null, "cases_new_confirmed": 0, "cases_new_total": 0, "cases_cum": 12, "cases_new_suspected": 0, "cases_cum_suspected": 4, "hcw_cases_new": null, "total_deaths_confirmed": 6, "hc_workers": null, "location__slug": "national", "total_deaths_suspected": 1, "hcw_cases_cum": 2, "location__name": "National", "sit_rep__day_of_year": 140, "new_deaths_suspected": 0, "sit_rep__date": "2014-05-20", "cases_cum_probable": 2, "total_deaths_all": 11, "hcw_deaths_new": null, "cases_new_probable": 0}, {"deaths": 0, "cases_cum_confirmed": 6, "hcw_deaths_cum": 2, "new_deaths_probable": 0, "new_deaths_confirmed": 0, "total_deaths_probable": 2, "CFR": null, "cases_new_confirmed": 0, "cases_new_total": 0, "cases_cum": 12, "cases_new_suspected": 0, "cases_cum_suspected": 4, "hcw_cases_new": null, "total_deaths_confirmed": 6, "hc_workers": null, "location__slug": "national", "total_deaths_suspected": 3, "hcw_cases_cum": 2, "location__name": "National", "sit_rep__day_of_year": 133, "new_deaths_suspected": 0, "sit_rep__date": "2014-05-13", "cases_cum_probable": 2, "total_deaths_all": 11, "hcw_deaths_new": null, "cases_new_probable": 0}, {"deaths": 0, "cases_cum_confirmed": 6, "hcw_deaths_cum": 2, "new_deaths_probable": 0, "new_deaths_confirmed": 0, "total_deaths_probable": 2, "CFR": null, "cases_new_confirmed": 0, "cases_new_total": 0, "cases_cum": 13, "cases_new_suspected": 0, "cases_cum_suspected": 5, "hcw_cases_new": null, "total_deaths_confirmed": 6, "hc_workers": null, "location__slug": "national", "total_deaths_suspected": 3, "hcw_cases_cum": 2, "location__name": "National", "sit_rep__day_of_year": 126, "new_deaths_suspected": 0, "sit_rep__date": "2014-05-06", "cases_cum_probable": 2, "total_deaths_all": 11, "hcw_deaths_new": null, "cases_new_probable": 0}, {"deaths": 0, "cases_cum_confirmed": 6, "hcw_deaths_cum": 2, "new_deaths_probable": 0, "new_deaths_confirmed": 0, "total_deaths_probable": 2, "CFR": null, "cases_new_confirmed": 0, "cases_new_total": 0, "cases_cum": 35, "cases_new_suspected": 0, "cases_cum_suspected": 27, "hcw_cases_new": null, "total_deaths_confirmed": 6, "hc_workers": null, "location__slug": "national", "total_deaths_suspected": 3, "hcw_cases_cum": 2, "location__name": "National", "sit_rep__day_of_year": 119, "new_deaths_suspected": 0, "sit_rep__date": "2014-04-29", "cases_cum_probable": 2, "total_deaths_all": 11, "hcw_deaths_new": null, "cases_new_probable": 0}, {"deaths": -2, "cases_cum_confirmed": 6, "hcw_deaths_cum": 2, "new_deaths_probable": 0, "new_deaths_confirmed": 0, "total_deaths_probable": 2, "CFR": null, "cases_new_confirmed": 0, "cases_new_total": 1, "cases_cum": 34, "cases_new_suspected": 0, "cases_cum_suspected": 25, "hcw_cases_new": null, "total_deaths_confirmed": 6, "hc_workers": null, "location__slug": "national", "total_deaths_suspected": 1, "hcw_cases_cum": 2, "location__name": "National", "sit_rep__day_of_year": 112, "new_deaths_suspected": 0, "sit_rep__date": "2014-04-22", "cases_cum_probable": 2, "total_deaths_all": 11, "hcw_deaths_new": null, "cases_new_probable": 0}, {"deaths": 0, "cases_cum_confirmed": 6, "hcw_deaths_cum": 0, "new_deaths_probable": 0, "new_deaths_confirmed": 0, "total_deaths_probable": 0, "CFR": null, "cases_new_confirmed": 0, "cases_new_total": 0, "cases_cum": 25, "cases_new_suspected": 0, "cases_cum_suspected": 20, "hcw_cases_new": null, "total_deaths_confirmed": 0, "hc_workers": null, "location__slug": "national", "total_deaths_suspected": 0, "hcw_cases_cum": 0, "location__name": "National", "sit_rep__day_of_year": 105, "new_deaths_suspected": 0, "sit_rep__date": "2014-04-15", "cases_cum_probable": 0, "total_deaths_all": 13, "hcw_deaths_new": null, "cases_new_probable": 0}, {"deaths": 0, "cases_cum_confirmed": 5, "hcw_deaths_cum": 0, "new_deaths_probable": 0, "new_deaths_confirmed": 0, "total_deaths_probable": 0, "CFR": null, "cases_new_confirmed": 0, "cases_new_total": 0, "cases_cum": 21, "cases_new_suspected": 0, "cases_cum_suspected": 12, "hcw_cases_new": null, "total_deaths_confirmed": 0, "hc_workers": null, "location__slug": "national", "total_deaths_suspected": 0, "hcw_cases_cum": 0, "location__name": "National", "sit_rep__day_of_year": 98, "new_deaths_suspected": 0, "sit_rep__date": "2014-04-08", "cases_cum_probable": 0, "total_deaths_all": 10, "hcw_deaths_new": null, "cases_new_probable": 0}, {"deaths": 0, "cases_cum_confirmed": 2, "hcw_deaths_cum": 0, "new_deaths_probable": 0, "new_deaths_confirmed": 0, "total_deaths_probable": 0, "CFR": null, "cases_new_confirmed": 2, "cases_new_total": 2, "cases_cum": 10, "cases_new_suspected": 0, "cases_cum_suspected": 8, "hcw_cases_new": null, "total_deaths_confirmed": 0, "hc_workers": null, "location__slug": "national", "total_deaths_suspected": 0, "hcw_cases_cum": 0, "location__name": "National", "sit_rep__day_of_year": 91, "new_deaths_suspected": 0, "sit_rep__date": "2014-04-01", "cases_cum_probable": 0, "total_deaths_all": 4, "hcw_deaths_new": null, "cases_new_probable": 0}]
