{"deaths": null, "cases_cum_confirmed": 884, "hcw_deaths_cum": 85, "new_deaths_probable": null, "new_deaths_confirmed": null, "total_deaths_probable": 594, "CFR": "56", "new_weekly_cases": 560, "cases_new_confirmed": 1, "cases_new_total": 50, "cases_cum": 3272, "cases_new_suspected": 19, "new_weekly_cases_hcw": 10, "cases_cum_suspected": 920, "hcw_cases_new": null, "total_deaths_confirmed": 726, "hc_workers": null, "pct_change_death_hcw": -60.0, "location__slug": "national", "pct_change_cases_hcw": 42.86, "total_deaths_suspected": 389, "new_weekly_deaths": 1206, "hcw_cases_cum": 180, "pct_change_death": -264.75, "location__name": "National", "sit_rep__day_of_year": 264, "new_weekly_deaths_hcw": 2, "new_deaths_suspected": null, "sit_rep__date": "2014-09-21", "cases_cum_probable": 1468, "total_deaths_all": 1709, "hcw_deaths_new": null, "pct_change_cases": -12.36, "cases_new_probable": 30}

deaths
cases_cum_confirmed
hcw_deaths_cum
new_deaths_probable
new_deaths_confirmed
total_deaths_probable
CFR
new_weekly_cases
cases_new_confirmed
cases_new_total
cases_cum
cases_new_suspected
new_weekly_cases_hcw
cases_cum_suspected
hcw_cases_new
total_deaths_confirmed
hc_workers
pct_change_death_hcw
location__slug
pct_change_cases_hcw
total_deaths_suspected
new_weekly_deaths
hcw_cases_cum
pct_change_death
location__name
sit_rep__day_of_year
new_weekly_deaths_hcw
new_deaths_suspected
sit_rep__date
cases_cum_probable
total_deaths_all
hcw_deaths_new
pct_change_cases
cases_new_probable
