{"cases": {"cases_cum_probable": [45, 64, 0, 34, 5, 0, 0, 429, 268, 5, 497, 115, 3, 3, 0], "cases_cum_confirmed": [33, 53, 0, 43, 6, 0, 0, 275, 37, 0, 352, 77, 0, 4, 4], "cases_cum_suspected": [7, 156, 1, 29, 6, 3, 0, 53, 231, 3, 383, 31, 9, 3, 5]}, "deaths": {"total_deaths_confirmed": [27, 12, 0, 16, 6, 0, 3, 179, 38, 0, 397, 43, 0, 3, 2], "total_deaths_suspected": [0, 52, 0, 5, 5, 2, 0, 38, 69, 3, 194, 13, 6, 2, 0], "total_deaths_probable": [30, 20, 0, 6, 3, 0, 2, 188, 109, 5, 167, 61, 0, 3, 0]}}
