[{"deaths": null, "cases_cum_confirmed": 884, "hcw_deaths_cum": 85, "new_deaths_probable": null, "new_deaths_confirmed": null, "total_deaths_probable": 594, "CFR": "56", "new_weekly_cases": 560, "cases_new_confirmed": 1, "cases_new_total": 50, "cases_cum": 3272, "cases_new_suspected": 19, "new_weekly_cases_hcw": 10, "cases_cum_suspected": 920, "hcw_cases_new": null, "total_deaths_confirmed": 726, "hc_workers": null, "pct_change_death_hcw": -60.0, "location__slug": "national", "pct_change_cases_hcw": 42.86, "total_deaths_suspected": 389, "new_weekly_deaths": 1206, "hcw_cases_cum": 180, "pct_change_death": -264.75, "location__name": "National", "sit_rep__day_of_year": 264, "new_weekly_deaths_hcw": 2, "new_deaths_suspected": null, "sit_rep__date": "2014-09-21", "cases_cum_probable": 1468, "total_deaths_all": 1709, "hcw_deaths_new": null, "pct_change_cases": -12.36, "cases_new_probable": 30}, {"deaths": null, "cases_cum_confirmed": 806, "hcw_deaths_cum": 83, "new_deaths_probable": null, "new_deaths_confirmed": null, "total_deaths_probable": null, "CFR": "12", "cases_new_confirmed": 4, "cases_new_total": 47, "cases_cum": 2712, "cases_new_suspected": 24, "cases_cum_suspected": 675, "hcw_cases_new": 1, "total_deaths_confirmed": null, "hc_workers": null, "location__slug": "national", "total_deaths_suspected": null, "hcw_cases_cum": 170, "location__name": "National", "sit_rep__day_of_year": 257, "new_deaths_suspected": null, "sit_rep__date": "2014-09-14", "cases_cum_probable": 1231, "total_deaths_all": 503, "hcw_deaths_new": 1, "cases_new_probable": 19}, {"deaths": 22, "cases_cum_confirmed": 648, "hcw_deaths_cum": 78, "new_deaths_probable": null, "new_deaths_confirmed": null, "total_deaths_probable": 427, "CFR": "57", "cases_new_confirmed": 20, "cases_new_total": 35, "cases_cum": 2073, "cases_new_suspected": 6, "cases_cum_suspected": 449, "hcw_cases_new": 3, "total_deaths_confirmed": 509, "hc_workers": null, "location__slug": "national", "total_deaths_suspected": 299, "hcw_cases_cum": 163, "location__name": "National", "sit_rep__day_of_year": 250, "new_deaths_suspected": null, "sit_rep__date": "2014-09-07", "cases_cum_probable": 976, "total_deaths_all": 1235, "hcw_deaths_new": 0, "cases_new_probable": 9}, {"deaths": 21, "cases_cum_confirmed": 392, "hcw_deaths_cum": 74, "new_deaths_probable": null, "new_deaths_confirmed": null, "total_deaths_probable": 372, "CFR": "61", "cases_new_confirmed": 0, "cases_new_total": 17, "cases_cum": 1690, "cases_new_suspected": 5, "cases_cum_suspected": 485, "hcw_cases_new": 0, "total_deaths_confirmed": 372, "hc_workers": null, "location__slug": "national", "total_deaths_suspected": 226, "hcw_cases_cum": 145, "location__name": "National", "sit_rep__day_of_year": 243, "new_deaths_suspected": null, "sit_rep__date": "2014-08-31", "cases_cum_probable": 813, "total_deaths_all": 970, "hcw_deaths_new": 0, "cases_new_probable": 12}, {"deaths": 31, "cases_cum_confirmed": 328, "hcw_deaths_cum": 69, "new_deaths_probable": 0, "new_deaths_confirmed": 0, "total_deaths_probable": 303, "CFR": null, "cases_new_confirmed": 11, "cases_new_total": 89, "cases_cum": 1386, "cases_new_suspected": 39, "cases_cum_suspected": 382, "hcw_cases_new": null, "total_deaths_confirmed": 279, "hc_workers": null, "location__slug": "national", "total_deaths_suspected": 172, "hcw_cases_cum": 133, "location__name": "National", "sit_rep__day_of_year": 236, "new_deaths_suspected": 0, "sit_rep__date": "2014-08-24", "cases_cum_probable": 676, "total_deaths_all": 754, "hcw_deaths_new": null, "cases_new_probable": 39}, {"deaths": 11, "cases_cum_confirmed": 214, "hcw_deaths_cum": 44, "new_deaths_probable": 1, "new_deaths_confirmed": 3, "total_deaths_probable": 206, "CFR": null, "cases_new_confirmed": 0, "cases_new_total": 24, "cases_cum": 870, "cases_new_suspected": 14, "cases_cum_suspected": 212, "hcw_cases_new": null, "total_deaths_confirmed": 186, "hc_workers": null, "location__slug": "national", "total_deaths_suspected": 100, "hcw_cases_cum": 95, "location__name": "National", "sit_rep__day_of_year": 229, "new_deaths_suspected": 7, "sit_rep__date": "2014-08-17", "cases_cum_probable": 444, "total_deaths_all": 492, "hcw_deaths_new": null, "cases_new_probable": 10}, {"deaths": 0, "cases_cum_confirmed": 0, "hcw_deaths_cum": 0, "new_deaths_probable": 0, "new_deaths_confirmed": 0, "total_deaths_probable": 0, "CFR": null, "cases_new_confirmed": 0, "cases_new_total": 0, "cases_cum": 0, "cases_new_suspected": 0, "cases_cum_suspected": 0, "hcw_cases_new": null, "total_deaths_confirmed": 0, "hc_workers": null, "location__slug": "national", "total_deaths_suspected": 0, "hcw_cases_cum": 0, "location__name": "National", "sit_rep__day_of_year": 222, "new_deaths_suspected": 0, "sit_rep__date": "2014-08-10", "cases_cum_probable": 0, "total_deaths_all": 0, "hcw_deaths_new": null, "cases_new_probable": 0}, {"deaths": 0, "cases_cum_confirmed": 0, "hcw_deaths_cum": 0, "new_deaths_probable": 0, "new_deaths_confirmed": 0, "total_deaths_probable": 0, "CFR": null, "cases_new_confirmed": 0, "cases_new_total": 0, "cases_cum": 0, "cases_new_suspected": 0, "cases_cum_suspected": 0, "hcw_cases_new": null, "total_deaths_confirmed": 0, "hc_workers": null, "location__slug": "national", "total_deaths_suspected": 0, "hcw_cases_cum": 0, "location__name": "National", "sit_rep__day_of_year": 215, "new_deaths_suspected": 0, "sit_rep__date": "2014-08-03", "cases_cum_probable": 0, "total_deaths_all": 0, "hcw_deaths_new": null, "cases_new_probable": 0}, {"deaths": 0, "cases_cum_confirmed": 0, "hcw_deaths_cum": 0, "new_deaths_probable": 0, "new_deaths_confirmed": 0, "total_deaths_probable": 0, "CFR": null, "cases_new_confirmed": 0, "cases_new_total": 0, "cases_cum": 0, "cases_new_suspected": 0, "cases_cum_suspected": 0, "hcw_cases_new": null, "total_deaths_confirmed": 0, "hc_workers": null, "location__slug": "national", "total_deaths_suspected": 0, "hcw_cases_cum": 0, "location__name": "National", "sit_rep__day_of_year": 208, "new_deaths_suspected": 0, "sit_rep__date": "2014-07-27", "cases_cum_probable": 0, "total_deaths_all": 0, "hcw_deaths_new": null, "cases_new_probable": 0}, {"deaths": 4, "cases_cum_confirmed": 77, "hcw_deaths_cum": 12, "new_deaths_probable": 3, "new_deaths_confirmed": 0, "total_deaths_probable": 44, "CFR": null, "cases_new_confirmed": 1, "cases_new_total": 5, "cases_cum": 224, "cases_new_suspected": 2, "cases_cum_suspected": 79, "hcw_cases_new": null, "total_deaths_confirmed": 56, "hc_workers": null, "location__slug": "national", "total_deaths_suspected": 27, "hcw_cases_cum": 29, "location__name": "National", "sit_rep__day_of_year": 201, "new_deaths_suspected": 1, "sit_rep__date": "2014-07-20", "cases_cum_probable": 68, "total_deaths_all": 127, "hcw_deaths_new": null, "cases_new_probable": 2}, {"deaths": 0, "cases_cum_confirmed": 67, "hcw_deaths_cum": 11, "new_deaths_probable": 0, "new_deaths_confirmed": 0, "total_deaths_probable": 30, "CFR": null, "cases_new_confirmed": -3, "cases_new_total": 1, "cases_cum": 173, "cases_new_suspected": 1, "cases_cum_suspected": 62, "hcw_cases_new": null, "total_deaths_confirmed": 46, "hc_workers": null, "location__slug": "national", "total_deaths_suspected": 20, "hcw_cases_cum": 12, "location__name": "National", "sit_rep__day_of_year": 194, "new_deaths_suspected": 0, "sit_rep__date": "2014-07-13", "cases_cum_probable": 44, "total_deaths_all": 105, "hcw_deaths_new": null, "cases_new_probable": 3}, {"deaths": 2, "cases_cum_confirmed": 63, "hcw_deaths_cum": 11, "new_deaths_probable": 2, "new_deaths_confirmed": 0, "total_deaths_probable": 28, "CFR": null, "cases_new_confirmed": 4, "cases_new_total": 5, "cases_cum": 131, "cases_new_suspected": 1, "cases_cum_suspected": 38, "hcw_cases_new": null, "total_deaths_confirmed": 41, "hc_workers": null, "location__slug": "national", "total_deaths_suspected": 18, "hcw_cases_cum": 12, "location__name": "National", "sit_rep__day_of_year": 187, "new_deaths_suspected": 0, "sit_rep__date": "2014-07-06", "cases_cum_probable": 30, "total_deaths_all": 87, "hcw_deaths_new": null, "cases_new_probable": 0}, {"deaths": 8, "cases_cum_confirmed": 43, "hcw_deaths_cum": 5, "new_deaths_probable": 0, "new_deaths_confirmed": 1, "total_deaths_probable": 10, "CFR": null, "cases_new_confirmed": 4, "cases_new_total": 27, "cases_cum": 90, "cases_new_suspected": 15, "cases_cum_suspected": 29, "hcw_cases_new": null, "total_deaths_confirmed": 26, "hc_workers": null, "location__slug": "national", "total_deaths_suspected": 13, "hcw_cases_cum": 9, "location__name": "National", "sit_rep__day_of_year": 180, "new_deaths_suspected": 7, "sit_rep__date": "2014-06-29", "cases_cum_probable": 18, "total_deaths_all": 49, "hcw_deaths_new": null, "cases_new_probable": 8}, {"deaths": 4, "cases_cum_confirmed": 34, "hcw_deaths_cum": 3, "new_deaths_probable": 0, "new_deaths_confirmed": 4, "total_deaths_probable": 10, "CFR": null, "cases_new_confirmed": 5, "cases_new_total": 0, "cases_cum": 51, "cases_new_suspected": -5, "cases_cum_suspected": 7, "hcw_cases_new": null, "total_deaths_confirmed": 22, "hc_workers": null, "location__slug": "national", "total_deaths_suspected": 1, "hcw_cases_cum": 3, "location__name": "National", "sit_rep__day_of_year": 173, "new_deaths_suspected": 0, "sit_rep__date": "2014-06-22", "cases_cum_probable": 10, "total_deaths_all": 33, "hcw_deaths_new": null, "cases_new_probable": 0}, {"deaths": 0, "cases_cum_confirmed": 11, "hcw_deaths_cum": 2, "new_deaths_probable": 0, "new_deaths_confirmed": 0, "total_deaths_probable": 5, "CFR": null, "cases_new_confirmed": 0, "cases_new_total": 0, "cases_cum": 30, "cases_new_suspected": 0, "cases_cum_suspected": 16, "hcw_cases_new": null, "total_deaths_confirmed": 8, "hc_workers": null, "location__slug": "national", "total_deaths_suspected": 1, "hcw_cases_cum": 2, "location__name": "National", "sit_rep__day_of_year": 166, "new_deaths_suspected": 0, "sit_rep__date": "2014-06-15", "cases_cum_probable": 3, "total_deaths_all": 15, "hcw_deaths_new": null, "cases_new_probable": 0}, {"deaths": 0, "cases_cum_confirmed": 6, "hcw_deaths_cum": 2, "new_deaths_probable": 0, "new_deaths_confirmed": 0, "total_deaths_probable": 2, "CFR": null, "cases_new_confirmed": 0, "cases_new_total": 0, "cases_cum": 13, "cases_new_suspected": 0, "cases_cum_suspected": 5, "hcw_cases_new": null, "total_deaths_confirmed": 6, "hc_workers": null, "location__slug": "national", "total_deaths_suspected": 2, "hcw_cases_cum": 2, "location__name": "National", "sit_rep__day_of_year": 159, "new_deaths_suspected": 0, "sit_rep__date": "2014-06-08", "cases_cum_probable": 2, "total_deaths_all": 12, "hcw_deaths_new": null, "cases_new_probable": 0}, {"deaths": 0, "cases_cum_confirmed": 6, "hcw_deaths_cum": 2, "new_deaths_probable": 0, "new_deaths_confirmed": 0, "total_deaths_probable": 2, "CFR": null, "cases_new_confirmed": 0, "cases_new_total": 0, "cases_cum": 13, "cases_new_suspected": 0, "cases_cum_suspected": 5, "hcw_cases_new": null, "total_deaths_confirmed": 6, "hc_workers": null, "location__slug": "national", "total_deaths_suspected": 2, "hcw_cases_cum": 2, "location__name": "National", "sit_rep__day_of_year": 152, "new_deaths_suspected": 0, "sit_rep__date": "2014-06-01", "cases_cum_probable": 2, "total_deaths_all": 12, "hcw_deaths_new": null, "cases_new_probable": 0}, {"deaths": 0, "cases_cum_confirmed": 6, "hcw_deaths_cum": 2, "new_deaths_probable": 0, "new_deaths_confirmed": 0, "total_deaths_probable": 2, "CFR": null, "cases_new_confirmed": 0, "cases_new_total": 0, "cases_cum": 12, "cases_new_suspected": 0, "cases_cum_suspected": 4, "hcw_cases_new": null, "total_deaths_confirmed": 6, "hc_workers": null, "location__slug": "national", "total_deaths_suspected": 1, "hcw_cases_cum": 2, "location__name": "National", "sit_rep__day_of_year": 145, "new_deaths_suspected": 0, "sit_rep__date": "2014-05-25", "cases_cum_probable": 2, "total_deaths_all": 11, "hcw_deaths_new": null, "cases_new_probable": 0}, {"deaths": 0, "cases_cum_confirmed": 6, "hcw_deaths_cum": 2, "new_deaths_probable": 0, "new_deaths_confirmed": 0, "total_deaths_probable": 2, "CFR": null, "cases_new_confirmed": 0, "cases_new_total": 0, "cases_cum": 12, "cases_new_suspected": 0, "cases_cum_suspected": 4, "hcw_cases_new": null, "total_deaths_confirmed": 6, "hc_workers": null, "location__slug": "national", "total_deaths_suspected": 1, "hcw_cases_cum": 2, "location__name": "National", "sit_rep__day_of_year": 138, "new_deaths_suspected": 0, "sit_rep__date": "2014-05-18", "cases_cum_probable": 2, "total_deaths_all": 11, "hcw_deaths_new": null, "cases_new_probable": 0}, {"deaths": 0, "cases_cum_confirmed": 6, "hcw_deaths_cum": 2, "new_deaths_probable": 0, "new_deaths_confirmed": 0, "total_deaths_probable": 2, "CFR": null, "cases_new_confirmed": 0, "cases_new_total": 0, "cases_cum": 13, "cases_new_suspected": 0, "cases_cum_suspected": 5, "hcw_cases_new": null, "total_deaths_confirmed": 6, "hc_workers": null, "location__slug": "national", "total_deaths_suspected": 3, "hcw_cases_cum": 2, "location__name": "National", "sit_rep__day_of_year": 131, "new_deaths_suspected": 0, "sit_rep__date": "2014-05-11", "cases_cum_probable": 2, "total_deaths_all": 11, "hcw_deaths_new": null, "cases_new_probable": 0}, {"deaths": 0, "cases_cum_confirmed": 6, "hcw_deaths_cum": 2, "new_deaths_probable": 0, "new_deaths_confirmed": 0, "total_deaths_probable": 2, "CFR": null, "cases_new_confirmed": 0, "cases_new_total": 0, "cases_cum": 13, "cases_new_suspected": 0, "cases_cum_suspected": 5, "hcw_cases_new": null, "total_deaths_confirmed": 6, "hc_workers": null, "location__slug": "national", "total_deaths_suspected": 3, "hcw_cases_cum": 2, "location__name": "National", "sit_rep__day_of_year": 124, "new_deaths_suspected": 0, "sit_rep__date": "2014-05-04", "cases_cum_probable": 2, "total_deaths_all": 11, "hcw_deaths_new": null, "cases_new_probable": 0}, {"deaths": 0, "cases_cum_confirmed": 6, "hcw_deaths_cum": 2, "new_deaths_probable": 0, "new_deaths_confirmed": 0, "total_deaths_probable": 2, "CFR": null, "cases_new_confirmed": 0, "cases_new_total": 0, "cases_cum": 35, "cases_new_suspected": 0, "cases_cum_suspected": 27, "hcw_cases_new": null, "total_deaths_confirmed": 6, "hc_workers": null, "location__slug": "national", "total_deaths_suspected": 3, "hcw_cases_cum": 2, "location__name": "National", "sit_rep__day_of_year": 117, "new_deaths_suspected": 0, "sit_rep__date": "2014-04-27", "cases_cum_probable": 2, "total_deaths_all": 11, "hcw_deaths_new": null, "cases_new_probable": 0}, {"deaths": 4, "cases_cum_confirmed": 6, "hcw_deaths_cum": 2, "new_deaths_probable": 0, "new_deaths_confirmed": 0, "total_deaths_probable": 2, "CFR": null, "cases_new_confirmed": 0, "cases_new_total": 0, "cases_cum": 33, "cases_new_suspected": 0, "cases_cum_suspected": 25, "hcw_cases_new": null, "total_deaths_confirmed": 6, "hc_workers": null, "location__slug": "national", "total_deaths_suspected": 1, "hcw_cases_cum": 2, "location__name": "National", "sit_rep__day_of_year": 110, "new_deaths_suspected": 0, "sit_rep__date": "2014-04-20", "cases_cum_probable": 2, "total_deaths_all": 13, "hcw_deaths_new": null, "cases_new_probable": 0}, {"deaths": 0, "cases_cum_confirmed": 6, "hcw_deaths_cum": 0, "new_deaths_probable": 0, "new_deaths_confirmed": 0, "total_deaths_probable": 0, "CFR": null, "cases_new_confirmed": 0, "cases_new_total": 0, "cases_cum": 25, "cases_new_suspected": 0, "cases_cum_suspected": 20, "hcw_cases_new": null, "total_deaths_confirmed": 0, "hc_workers": null, "location__slug": "national", "total_deaths_suspected": 0, "hcw_cases_cum": 0, "location__name": "National", "sit_rep__day_of_year": 103, "new_deaths_suspected": 0, "sit_rep__date": "2014-04-13", "cases_cum_probable": 0, "total_deaths_all": 13, "hcw_deaths_new": null, "cases_new_probable": 0}, {"deaths": 0, "cases_cum_confirmed": 2, "hcw_deaths_cum": 0, "new_deaths_probable": 0, "new_deaths_confirmed": 0, "total_deaths_probable": 0, "CFR": null, "cases_new_confirmed": 0, "cases_new_total": 0, "cases_cum": 18, "cases_new_suspected": 0, "cases_cum_suspected": 12, "hcw_cases_new": null, "total_deaths_confirmed": 0, "hc_workers": null, "location__slug": "national", "total_deaths_suspected": 0, "hcw_cases_cum": 0, "location__name": "National", "sit_rep__day_of_year": 96, "new_deaths_suspected": 0, "sit_rep__date": "2014-04-06", "cases_cum_probable": 0, "total_deaths_all": 7, "hcw_deaths_new": null, "cases_new_probable": 0}, {"deaths": 0, "cases_cum_confirmed": 0, "hcw_deaths_cum": 0, "new_deaths_probable": 0, "new_deaths_confirmed": 0, "total_deaths_probable": 0, "CFR": null, "cases_new_confirmed": 0, "cases_new_total": 0, "cases_cum": 8, "cases_new_suspected": 0, "cases_cum_suspected": 8, "hcw_cases_new": null, "total_deaths_confirmed": 0, "hc_workers": null, "location__slug": "national", "total_deaths_suspected": 0, "hcw_cases_cum": 0, "location__name": "National", "sit_rep__day_of_year": 89, "new_deaths_suspected": 0, "sit_rep__date": "2014-03-30", "cases_cum_probable": 0, "total_deaths_all": 4, "hcw_deaths_new": null, "cases_new_probable": 0}]
