[{"2014-09-03": [{"hcw_cases_new": 0, "hcw_cases_cum": 5, "hcw_deaths_cum": 4, "date": "2014-09-03", "location__name": "Bomi County", "hcw_deaths_new": 0}, {"hcw_cases_new": 0, "hcw_cases_cum": 0, "hcw_deaths_cum": 0, "date": "2014-09-03", "location__name": "Grand Gedeh", "hcw_deaths_new": 0}, {"hcw_cases_new": 0, "hcw_cases_cum": 3, "hcw_deaths_cum": 1, "date": "2014-09-03", "location__name": "Grand Bassa", "hcw_deaths_new": 0}, {"hcw_cases_new": 0, "hcw_cases_cum": 26, "hcw_deaths_cum": 5, "date": "2014-09-03", "location__name": "Bong County", "hcw_deaths_new": 0}, {"hcw_cases_new": 0, "hcw_cases_cum": 0, "hcw_deaths_cum": 0, "date": "2014-09-03", "location__name": "Grand Kru", "hcw_deaths_new": 0}, {"hcw_cases_new": 0, "hcw_cases_cum": 48, "hcw_deaths_cum": 26, "date": "2014-09-03", "location__name": "Montserrado County", "hcw_deaths_new": 0}, {"hcw_cases_new": 0, "hcw_cases_cum": 0, "hcw_deaths_cum": 0, "date": "2014-09-03", "location__name": "River Gee County", "hcw_deaths_new": 0}, {"hcw_cases_new": 0, "hcw_cases_cum": 3, "hcw_deaths_cum": 0, "date": "2014-09-03", "location__name": "Grand Cape Mount", "hcw_deaths_new": 0}, {"hcw_cases_new": 0, "hcw_cases_cum": 2, "hcw_deaths_cum": 0, "date": "2014-09-03", "location__name": "Nimba County", "hcw_deaths_new": 0}, {"hcw_cases_new": 0, "hcw_cases_cum": 20, "hcw_deaths_cum": 17, "date": "2014-09-03", "location__name": "Lofa County", "hcw_deaths_new": 0}, {"hcw_cases_new": 0, "hcw_cases_cum": 0, "hcw_deaths_cum": 0, "date": "2014-09-03", "location__name": "Maryland County", "hcw_deaths_new": 0}, {"hcw_cases_new": 0, "hcw_cases_cum": 0, "hcw_deaths_cum": 0, "date": "2014-09-03", "location__name": "RiverCess County", "hcw_deaths_new": 0}, {"hcw_cases_new": 0, "hcw_cases_cum": 30, "hcw_deaths_cum": 18, "date": "2014-09-03", "location__name": "Margibi County", "hcw_deaths_new": 0}, {"hcw_cases_new": 0, "hcw_cases_cum": 0, "hcw_deaths_cum": 0, "date": "2014-09-03", "location__name": "Gbarpolu County", "hcw_deaths_new": 0}, {"hcw_cases_new": 0, "hcw_cases_cum": 0, "hcw_deaths_cum": 0, "date": "2014-09-03", "location__name": "Sinoe County", "hcw_deaths_new": 0}]}, {"2014-08-27": [{"hcw_cases_new": 0, "hcw_cases_cum": 5, "hcw_deaths_cum": 4, "date": "2014-08-27", "location__name": "Bomi County", "hcw_deaths_new": 0}, {"hcw_cases_new": 0, "hcw_cases_cum": 26, "hcw_deaths_cum": 5, "date": "2014-08-27", "location__name": "Bong County", "hcw_deaths_new": 0}, {"hcw_cases_new": 0, "hcw_cases_cum": 0, "hcw_deaths_cum": 0, "date": "2014-08-27", "location__name": "Gbarpolu County", "hcw_deaths_new": 0}, {"hcw_cases_new": 0, "hcw_cases_cum": 3, "hcw_deaths_cum": 1, "date": "2014-08-27", "location__name": "Grand Bassa", "hcw_deaths_new": 0}, {"hcw_cases_new": 0, "hcw_cases_cum": 3, "hcw_deaths_cum": 0, "date": "2014-08-27", "location__name": "Grand Cape Mount", "hcw_deaths_new": 0}, {"hcw_cases_new": 0, "hcw_cases_cum": 0, "hcw_deaths_cum": 0, "date": "2014-08-27", "location__name": "Grand Gedeh", "hcw_deaths_new": 0}, {"hcw_cases_new": 0, "hcw_cases_cum": 0, "hcw_deaths_cum": 0, "date": "2014-08-27", "location__name": "Grand Kru", "hcw_deaths_new": 0}, {"hcw_cases_new": 0, "hcw_cases_cum": 20, "hcw_deaths_cum": 17, "date": "2014-08-27", "location__name": "Lofa County", "hcw_deaths_new": 0}, {"hcw_cases_new": 0, "hcw_cases_cum": 30, "hcw_deaths_cum": 18, "date": "2014-08-27", "location__name": "Margibi County", "hcw_deaths_new": 0}, {"hcw_cases_new": 0, "hcw_cases_cum": 48, "hcw_deaths_cum": 26, "date": "2014-08-27", "location__name": "Montserrado County", "hcw_deaths_new": 0}, {"hcw_cases_new": 0, "hcw_cases_cum": 2, "hcw_deaths_cum": 0, "date": "2014-08-27", "location__name": "Nimba County", "hcw_deaths_new": 0}, {"hcw_cases_new": 0, "hcw_cases_cum": 0, "hcw_deaths_cum": 0, "date": "2014-08-27", "location__name": "River Gee County", "hcw_deaths_new": 0}, {"hcw_cases_new": 0, "hcw_cases_cum": 0, "hcw_deaths_cum": 0, "date": "2014-08-27", "location__name": "RiverCess County", "hcw_deaths_new": 0}, {"hcw_cases_new": 0, "hcw_cases_cum": 0, "hcw_deaths_cum": 0, "date": "2014-08-27", "location__name": "Sinoe County", "hcw_deaths_new": 0}, {"hcw_cases_new": 0, "hcw_cases_cum": 0, "hcw_deaths_cum": 0, "date": "2014-08-27", "location__name": "Maryland County", "hcw_deaths_new": 0}]}, {"2014-08-26": [{"hcw_cases_new": 0, "hcw_cases_cum": 3, "hcw_deaths_cum": 0, "date": "2014-08-26", "location__name": "Grand Cape Mount", "hcw_deaths_new": 0}, {"hcw_cases_new": 0, "hcw_cases_cum": 0, "hcw_deaths_cum": 0, "date": "2014-08-26", "location__name": "Grand Gedeh", "hcw_deaths_new": 0}, {"hcw_cases_new": 0, "hcw_cases_cum": 0, "hcw_deaths_cum": 0, "date": "2014-08-26", "location__name": "Grand Kru", "hcw_deaths_new": 0}, {"hcw_cases_new": 1, "hcw_cases_cum": 20, "hcw_deaths_cum": 17, "date": "2014-08-26", "location__name": "Lofa County", "hcw_deaths_new": 1}, {"hcw_cases_new": 1, "hcw_cases_cum": 30, "hcw_deaths_cum": 18, "date": "2014-08-26", "location__name": "Margibi County", "hcw_deaths_new": 0}, {"hcw_cases_new": 0, "hcw_cases_cum": 5, "hcw_deaths_cum": 4, "date": "2014-08-26", "location__name": "Bomi County", "hcw_deaths_new": 0}, {"hcw_cases_new": 0, "hcw_cases_cum": 26, "hcw_deaths_cum": 5, "date": "2014-08-26", "location__name": "Bong County", "hcw_deaths_new": 0}, {"hcw_cases_new": 0, "hcw_cases_cum": 0, "hcw_deaths_cum": 0, "date": "2014-08-26", "location__name": "Gbarpolu County", "hcw_deaths_new": 0}, {"hcw_cases_new": 0, "hcw_cases_cum": 3, "hcw_deaths_cum": 0, "date": "2014-08-26", "location__name": "Grand Bassa", "hcw_deaths_new": 0}, {"hcw_cases_new": 0, "hcw_cases_cum": 0, "hcw_deaths_cum": 0, "date": "2014-08-26", "location__name": "Maryland County", "hcw_deaths_new": 0}, {"hcw_cases_new": 3, "hcw_cases_cum": 48, "hcw_deaths_cum": 26, "date": "2014-08-26", "location__name": "Montserrado County", "hcw_deaths_new": 2}, {"hcw_cases_new": 0, "hcw_cases_cum": 2, "hcw_deaths_cum": 0, "date": "2014-08-26", "location__name": "Nimba County", "hcw_deaths_new": 0}, {"hcw_cases_new": 0, "hcw_cases_cum": 0, "hcw_deaths_cum": 0, "date": "2014-08-26", "location__name": "River Gee County", "hcw_deaths_new": 0}, {"hcw_cases_new": 0, "hcw_cases_cum": 0, "hcw_deaths_cum": 0, "date": "2014-08-26", "location__name": "RiverCess County", "hcw_deaths_new": 0}, {"hcw_cases_new": 0, "hcw_cases_cum": 0, "hcw_deaths_cum": 0, "date": "2014-08-26", "location__name": "Sinoe County", "hcw_deaths_new": 0}]}, {"2014-08-25": [{"hcw_cases_new": 0, "hcw_cases_cum": 5, "hcw_deaths_cum": 4, "date": "2014-08-25", "location__name": "Bomi County", "hcw_deaths_new": 0}, {"hcw_cases_new": 0, "hcw_cases_cum": 26, "hcw_deaths_cum": 5, "date": "2014-08-25", "location__name": "Bong County", "hcw_deaths_new": 0}, {"hcw_cases_new": 0, "hcw_cases_cum": 0, "hcw_deaths_cum": 0, "date": "2014-08-25", "location__name": "Gbarpolu County", "hcw_deaths_new": 0}, {"hcw_cases_new": 0, "hcw_cases_cum": 3, "hcw_deaths_cum": 0, "date": "2014-08-25", "location__name": "Grand Bassa", "hcw_deaths_new": 0}, {"hcw_cases_new": 0, "hcw_cases_cum": 3, "hcw_deaths_cum": 0, "date": "2014-08-25", "location__name": "Grand Cape Mount", "hcw_deaths_new": 0}, {"hcw_cases_new": 0, "hcw_cases_cum": 0, "hcw_deaths_cum": 0, "date": "2014-08-25", "location__name": "Grand Gedeh", "hcw_deaths_new": 0}, {"hcw_cases_new": 0, "hcw_cases_cum": 0, "hcw_deaths_cum": 0, "date": "2014-08-25", "location__name": "Grand Kru", "hcw_deaths_new": 0}, {"hcw_cases_new": 0, "hcw_cases_cum": 19, "hcw_deaths_cum": 16, "date": "2014-08-25", "location__name": "Lofa County", "hcw_deaths_new": 0}, {"hcw_cases_new": 0, "hcw_cases_cum": 29, "hcw_deaths_cum": 18, "date": "2014-08-25", "location__name": "Margibi County", "hcw_deaths_new": 0}, {"hcw_cases_new": 0, "hcw_cases_cum": 0, "hcw_deaths_cum": 0, "date": "2014-08-25", "location__name": "Maryland County", "hcw_deaths_new": 0}, {"hcw_cases_new": 0, "hcw_cases_cum": 45, "hcw_deaths_cum": 24, "date": "2014-08-25", "location__name": "Montserrado County", "hcw_deaths_new": 0}, {"hcw_cases_new": 1, "hcw_cases_cum": 2, "hcw_deaths_cum": 0, "date": "2014-08-25", "location__name": "Nimba County", "hcw_deaths_new": 0}, {"hcw_cases_new": 0, "hcw_cases_cum": 0, "hcw_deaths_cum": 0, "date": "2014-08-25", "location__name": "River Gee County", "hcw_deaths_new": 0}, {"hcw_cases_new": 0, "hcw_cases_cum": 0, "hcw_deaths_cum": 0, "date": "2014-08-25", "location__name": "RiverCess County", "hcw_deaths_new": 0}, {"hcw_cases_new": 0, "hcw_cases_cum": 0, "hcw_deaths_cum": 0, "date": "2014-08-25", "location__name": "Sinoe County", "hcw_deaths_new": 0}]}, {"2014-08-24": [{"hcw_cases_new": null, "hcw_cases_cum": 0, "hcw_deaths_cum": 0, "date": "2014-08-24", "location__name": "Gbarpolu County", "hcw_deaths_new": null}, {"hcw_cases_new": null, "hcw_cases_cum": 3, "hcw_deaths_cum": 0, "date": "2014-08-24", "location__name": "Grand Bassa", "hcw_deaths_new": null}, {"hcw_cases_new": null, "hcw_cases_cum": 21, "hcw_deaths_cum": 18, "date": "2014-08-24", "location__name": "Lofa County", "hcw_deaths_new": null}, {"hcw_cases_new": null, "hcw_cases_cum": 0, "hcw_deaths_cum": 0, "date": "2014-08-24", "location__name": "Maryland County", "hcw_deaths_new": null}, {"hcw_cases_new": null, "hcw_cases_cum": 1, "hcw_deaths_cum": 0, "date": "2014-08-24", "location__name": "Nimba County", "hcw_deaths_new": null}, {"hcw_cases_new": null, "hcw_cases_cum": 5, "hcw_deaths_cum": 4, "date": "2014-08-24", "location__name": "Bomi County", "hcw_deaths_new": null}, {"hcw_cases_new": null, "hcw_cases_cum": 26, "hcw_deaths_cum": 5, "date": "2014-08-24", "location__name": "Bong County", "hcw_deaths_new": null}, {"hcw_cases_new": null, "hcw_cases_cum": 3, "hcw_deaths_cum": 0, "date": "2014-08-24", "location__name": "Grand Cape Mount", "hcw_deaths_new": null}, {"hcw_cases_new": null, "hcw_cases_cum": 0, "hcw_deaths_cum": 0, "date": "2014-08-24", "location__name": "Grand Gedeh", "hcw_deaths_new": null}, {"hcw_cases_new": null, "hcw_cases_cum": 0, "hcw_deaths_cum": 0, "date": "2014-08-24", "location__name": "Grand Kru", "hcw_deaths_new": null}, {"hcw_cases_new": null, "hcw_cases_cum": 29, "hcw_deaths_cum": 18, "date": "2014-08-24", "location__name": "Margibi County", "hcw_deaths_new": null}, {"hcw_cases_new": null, "hcw_cases_cum": 45, "hcw_deaths_cum": 24, "date": "2014-08-24", "location__name": "Montserrado County", "hcw_deaths_new": null}, {"hcw_cases_new": null, "hcw_cases_cum": 0, "hcw_deaths_cum": 0, "date": "2014-08-24", "location__name": "RiverCess County", "hcw_deaths_new": null}, {"hcw_cases_new": null, "hcw_cases_cum": 0, "hcw_deaths_cum": 0, "date": "2014-08-24", "location__name": "River Gee County", "hcw_deaths_new": null}, {"hcw_cases_new": null, "hcw_cases_cum": 0, "hcw_deaths_cum": 0, "date": "2014-08-24", "location__name": "Sinoe County", "hcw_deaths_new": null}]}, {"2014-08-23": [{"hcw_cases_new": null, "hcw_cases_cum": 0, "hcw_deaths_cum": 0, "date": "2014-08-23", "location__name": "Bomi County", "hcw_deaths_new": null}, {"hcw_cases_new": null, "hcw_cases_cum": 0, "hcw_deaths_cum": 0, "date": "2014-08-23", "location__name": "Bong County", "hcw_deaths_new": null}, {"hcw_cases_new": null, "hcw_cases_cum": 0, "hcw_deaths_cum": 0, "date": "2014-08-23", "location__name": "Grand Bassa", "hcw_deaths_new": null}, {"hcw_cases_new": null, "hcw_cases_cum": 0, "hcw_deaths_cum": 0, "date": "2014-08-23", "location__name": "Gbarpolu County", "hcw_deaths_new": null}, {"hcw_cases_new": null, "hcw_cases_cum": 0, "hcw_deaths_cum": 0, "date": "2014-08-23", "location__name": "Grand Kru", "hcw_deaths_new": null}, {"hcw_cases_new": null, "hcw_cases_cum": 0, "hcw_deaths_cum": 0, "date": "2014-08-23", "location__name": "Lofa County", "hcw_deaths_new": null}, {"hcw_cases_new": null, "hcw_cases_cum": 0, "hcw_deaths_cum": 0, "date": "2014-08-23", "location__name": "Margibi County", "hcw_deaths_new": null}, {"hcw_cases_new": null, "hcw_cases_cum": 0, "hcw_deaths_cum": 0, "date": "2014-08-23", "location__name": "Montserrado County", "hcw_deaths_new": null}, {"hcw_cases_new": null, "hcw_cases_cum": 0, "hcw_deaths_cum": 0, "date": "2014-08-23", "location__name": "Nimba County", "hcw_deaths_new": null}, {"hcw_cases_new": null, "hcw_cases_cum": 0, "hcw_deaths_cum": 0, "date": "2014-08-23", "location__name": "RiverCess County", "hcw_deaths_new": null}, {"hcw_cases_new": null, "hcw_cases_cum": 0, "hcw_deaths_cum": 0, "date": "2014-08-23", "location__name": "River Gee County", "hcw_deaths_new": null}, {"hcw_cases_new": null, "hcw_cases_cum": 0, "hcw_deaths_cum": 0, "date": "2014-08-23", "location__name": "Sinoe County", "hcw_deaths_new": null}, {"hcw_cases_new": null, "hcw_cases_cum": 0, "hcw_deaths_cum": 0, "date": "2014-08-23", "location__name": "Grand Cape Mount", "hcw_deaths_new": null}, {"hcw_cases_new": null, "hcw_cases_cum": 0, "hcw_deaths_cum": 0, "date": "2014-08-23", "location__name": "Grand Gedeh", "hcw_deaths_new": null}, {"hcw_cases_new": null, "hcw_cases_cum": 0, "hcw_deaths_cum": 0, "date": "2014-08-23", "location__name": "Maryland County", "hcw_deaths_new": null}]}, {"2014-08-22": [{"hcw_cases_new": null, "hcw_cases_cum": 5, "hcw_deaths_cum": 4, "date": "2014-08-22", "location__name": "Bomi County", "hcw_deaths_new": null}, {"hcw_cases_new": null, "hcw_cases_cum": 26, "hcw_deaths_cum": 5, "date": "2014-08-22", "location__name": "Bong County", "hcw_deaths_new": null}, {"hcw_cases_new": null, "hcw_cases_cum": 42, "hcw_deaths_cum": 23, "date": "2014-08-22", "location__name": "Montserrado County", "hcw_deaths_new": null}, {"hcw_cases_new": null, "hcw_cases_cum": 0, "hcw_deaths_cum": 0, "date": "2014-08-22", "location__name": "RiverCess County", "hcw_deaths_new": null}, {"hcw_cases_new": null, "hcw_cases_cum": 3, "hcw_deaths_cum": 0, "date": "2014-08-22", "location__name": "Grand Cape Mount", "hcw_deaths_new": null}, {"hcw_cases_new": null, "hcw_cases_cum": 0, "hcw_deaths_cum": 0, "date": "2014-08-22", "location__name": "Grand Gedeh", "hcw_deaths_new": null}, {"hcw_cases_new": null, "hcw_cases_cum": 0, "hcw_deaths_cum": 0, "date": "2014-08-22", "location__name": "Gbarpolu County", "hcw_deaths_new": null}, {"hcw_cases_new": null, "hcw_cases_cum": 3, "hcw_deaths_cum": 0, "date": "2014-08-22", "location__name": "Grand Bassa", "hcw_deaths_new": null}, {"hcw_cases_new": null, "hcw_cases_cum": 0, "hcw_deaths_cum": 0, "date": "2014-08-22", "location__name": "Grand Kru", "hcw_deaths_new": null}, {"hcw_cases_new": null, "hcw_cases_cum": 19, "hcw_deaths_cum": 17, "date": "2014-08-22", "location__name": "Lofa County", "hcw_deaths_new": null}, {"hcw_cases_new": null, "hcw_cases_cum": 27, "hcw_deaths_cum": 18, "date": "2014-08-22", "location__name": "Margibi County", "hcw_deaths_new": null}, {"hcw_cases_new": null, "hcw_cases_cum": 0, "hcw_deaths_cum": 0, "date": "2014-08-22", "location__name": "Maryland County", "hcw_deaths_new": null}, {"hcw_cases_new": null, "hcw_cases_cum": 1, "hcw_deaths_cum": 0, "date": "2014-08-22", "location__name": "Nimba County", "hcw_deaths_new": null}, {"hcw_cases_new": null, "hcw_cases_cum": 0, "hcw_deaths_cum": 0, "date": "2014-08-22", "location__name": "River Gee County", "hcw_deaths_new": null}, {"hcw_cases_new": null, "hcw_cases_cum": 0, "hcw_deaths_cum": 0, "date": "2014-08-22", "location__name": "Sinoe County", "hcw_deaths_new": null}]}, {"2014-08-21": [{"hcw_cases_new": null, "hcw_cases_cum": 0, "hcw_deaths_cum": 0, "date": "2014-08-21", "location__name": "Gbarpolu County", "hcw_deaths_new": null}, {"hcw_cases_new": null, "hcw_cases_cum": 0, "hcw_deaths_cum": 0, "date": "2014-08-21", "location__name": "Grand Bassa", "hcw_deaths_new": null}, {"hcw_cases_new": null, "hcw_cases_cum": 0, "hcw_deaths_cum": 0, "date": "2014-08-21", "location__name": "Grand Cape Mount", "hcw_deaths_new": null}, {"hcw_cases_new": null, "hcw_cases_cum": 0, "hcw_deaths_cum": 0, "date": "2014-08-21", "location__name": "Grand Gedeh", "hcw_deaths_new": null}, {"hcw_cases_new": null, "hcw_cases_cum": 0, "hcw_deaths_cum": 0, "date": "2014-08-21", "location__name": "Lofa County", "hcw_deaths_new": null}, {"hcw_cases_new": null, "hcw_cases_cum": 0, "hcw_deaths_cum": 0, "date": "2014-08-21", "location__name": "Margibi County", "hcw_deaths_new": null}, {"hcw_cases_new": null, "hcw_cases_cum": 0, "hcw_deaths_cum": 0, "date": "2014-08-21", "location__name": "Maryland County", "hcw_deaths_new": null}, {"hcw_cases_new": null, "hcw_cases_cum": 0, "hcw_deaths_cum": 0, "date": "2014-08-21", "location__name": "Nimba County", "hcw_deaths_new": null}, {"hcw_cases_new": null, "hcw_cases_cum": 0, "hcw_deaths_cum": 0, "date": "2014-08-21", "location__name": "RiverCess County", "hcw_deaths_new": null}, {"hcw_cases_new": null, "hcw_cases_cum": 0, "hcw_deaths_cum": 0, "date": "2014-08-21", "location__name": "River Gee County", "hcw_deaths_new": null}, {"hcw_cases_new": null, "hcw_cases_cum": 0, "hcw_deaths_cum": 0, "date": "2014-08-21", "location__name": "Sinoe County", "hcw_deaths_new": null}, {"hcw_cases_new": null, "hcw_cases_cum": 0, "hcw_deaths_cum": 0, "date": "2014-08-21", "location__name": "Bomi County", "hcw_deaths_new": null}, {"hcw_cases_new": null, "hcw_cases_cum": 0, "hcw_deaths_cum": 0, "date": "2014-08-21", "location__name": "Bong County", "hcw_deaths_new": null}, {"hcw_cases_new": null, "hcw_cases_cum": 0, "hcw_deaths_cum": 0, "date": "2014-08-21", "location__name": "Grand Kru", "hcw_deaths_new": null}, {"hcw_cases_new": null, "hcw_cases_cum": 0, "hcw_deaths_cum": 0, "date": "2014-08-21", "location__name": "Montserrado County", "hcw_deaths_new": null}]}, {"2014-08-20": [{"hcw_cases_new": null, "hcw_cases_cum": 4, "hcw_deaths_cum": 4, "date": "2014-08-20", "location__name": "Bomi County", "hcw_deaths_new": null}, {"hcw_cases_new": null, "hcw_cases_cum": 24, "hcw_deaths_cum": 5, "date": "2014-08-20", "location__name": "Bong County", "hcw_deaths_new": null}, {"hcw_cases_new": null, "hcw_cases_cum": 3, "hcw_deaths_cum": 0, "date": "2014-08-20", "location__name": "Grand Bassa", "hcw_deaths_new": null}, {"hcw_cases_new": null, "hcw_cases_cum": 3, "hcw_deaths_cum": 0, "date": "2014-08-20", "location__name": "Grand Cape Mount", "hcw_deaths_new": null}, {"hcw_cases_new": null, "hcw_cases_cum": 0, "hcw_deaths_cum": 0, "date": "2014-08-20", "location__name": "Grand Gedeh", "hcw_deaths_new": null}, {"hcw_cases_new": null, "hcw_cases_cum": 0, "hcw_deaths_cum": 0, "date": "2014-08-20", "location__name": "Grand Kru", "hcw_deaths_new": null}, {"hcw_cases_new": null, "hcw_cases_cum": 23, "hcw_deaths_cum": 16, "date": "2014-08-20", "location__name": "Lofa County", "hcw_deaths_new": null}, {"hcw_cases_new": null, "hcw_cases_cum": 23, "hcw_deaths_cum": 16, "date": "2014-08-20", "location__name": "Margibi County", "hcw_deaths_new": null}, {"hcw_cases_new": null, "hcw_cases_cum": 40, "hcw_deaths_cum": 21, "date": "2014-08-20", "location__name": "Montserrado County", "hcw_deaths_new": null}, {"hcw_cases_new": null, "hcw_cases_cum": 1, "hcw_deaths_cum": 0, "date": "2014-08-20", "location__name": "Nimba County", "hcw_deaths_new": null}, {"hcw_cases_new": null, "hcw_cases_cum": 0, "hcw_deaths_cum": 0, "date": "2014-08-20", "location__name": "Sinoe County", "hcw_deaths_new": null}, {"hcw_cases_new": null, "hcw_cases_cum": 0, "hcw_deaths_cum": 0, "date": "2014-08-20", "location__name": "Gbarpolu County", "hcw_deaths_new": null}, {"hcw_cases_new": null, "hcw_cases_cum": 0, "hcw_deaths_cum": 0, "date": "2014-08-20", "location__name": "Maryland County", "hcw_deaths_new": null}, {"hcw_cases_new": null, "hcw_cases_cum": 0, "hcw_deaths_cum": 0, "date": "2014-08-20", "location__name": "RiverCess County", "hcw_deaths_new": null}, {"hcw_cases_new": null, "hcw_cases_cum": 0, "hcw_deaths_cum": 0, "date": "2014-08-20", "location__name": "River Gee County", "hcw_deaths_new": null}]}, {"2014-08-19": [{"hcw_cases_new": null, "hcw_cases_cum": 4, "hcw_deaths_cum": 4, "date": "2014-08-19", "location__name": "Bomi County", "hcw_deaths_new": null}, {"hcw_cases_new": null, "hcw_cases_cum": 24, "hcw_deaths_cum": 4, "date": "2014-08-19", "location__name": "Bong County", "hcw_deaths_new": null}, {"hcw_cases_new": null, "hcw_cases_cum": 3, "hcw_deaths_cum": 0, "date": "2014-08-19", "location__name": "Grand Bassa", "hcw_deaths_new": null}, {"hcw_cases_new": null, "hcw_cases_cum": 3, "hcw_deaths_cum": 0, "date": "2014-08-19", "location__name": "Grand Cape Mount", "hcw_deaths_new": null}, {"hcw_cases_new": null, "hcw_cases_cum": 0, "hcw_deaths_cum": 0, "date": "2014-08-19", "location__name": "Grand Gedeh", "hcw_deaths_new": null}, {"hcw_cases_new": null, "hcw_cases_cum": 19, "hcw_deaths_cum": 15, "date": "2014-08-19", "location__name": "Lofa County", "hcw_deaths_new": null}, {"hcw_cases_new": null, "hcw_cases_cum": 23, "hcw_deaths_cum": 16, "date": "2014-08-19", "location__name": "Margibi County", "hcw_deaths_new": null}, {"hcw_cases_new": null, "hcw_cases_cum": 40, "hcw_deaths_cum": 21, "date": "2014-08-19", "location__name": "Montserrado County", "hcw_deaths_new": null}, {"hcw_cases_new": null, "hcw_cases_cum": 1, "hcw_deaths_cum": 0, "date": "2014-08-19", "location__name": "Nimba County", "hcw_deaths_new": null}, {"hcw_cases_new": null, "hcw_cases_cum": 0, "hcw_deaths_cum": 0, "date": "2014-08-19", "location__name": "RiverCess County", "hcw_deaths_new": null}, {"hcw_cases_new": null, "hcw_cases_cum": 0, "hcw_deaths_cum": 0, "date": "2014-08-19", "location__name": "Gbarpolu County", "hcw_deaths_new": null}, {"hcw_cases_new": null, "hcw_cases_cum": 0, "hcw_deaths_cum": 0, "date": "2014-08-19", "location__name": "Grand Kru", "hcw_deaths_new": null}, {"hcw_cases_new": null, "hcw_cases_cum": 0, "hcw_deaths_cum": 0, "date": "2014-08-19", "location__name": "Maryland County", "hcw_deaths_new": null}, {"hcw_cases_new": null, "hcw_cases_cum": 0, "hcw_deaths_cum": 0, "date": "2014-08-19", "location__name": "River Gee County", "hcw_deaths_new": null}, {"hcw_cases_new": null, "hcw_cases_cum": 0, "hcw_deaths_cum": 0, "date": "2014-08-19", "location__name": "Sinoe County", "hcw_deaths_new": null}]}, {"2014-08-18": [{"hcw_cases_new": null, "hcw_cases_cum": 4, "hcw_deaths_cum": 4, "date": "2014-08-18", "location__name": "Bomi County", "hcw_deaths_new": null}, {"hcw_cases_new": null, "hcw_cases_cum": 24, "hcw_deaths_cum": 4, "date": "2014-08-18", "location__name": "Bong County", "hcw_deaths_new": null}, {"hcw_cases_new": null, "hcw_cases_cum": 0, "hcw_deaths_cum": 0, "date": "2014-08-18", "location__name": "Gbarpolu County", "hcw_deaths_new": null}, {"hcw_cases_new": null, "hcw_cases_cum": 3, "hcw_deaths_cum": 0, "date": "2014-08-18", "location__name": "Grand Bassa", "hcw_deaths_new": null}, {"hcw_cases_new": null, "hcw_cases_cum": 3, "hcw_deaths_cum": 0, "date": "2014-08-18", "location__name": "Grand Cape Mount", "hcw_deaths_new": null}, {"hcw_cases_new": null, "hcw_cases_cum": 0, "hcw_deaths_cum": 0, "date": "2014-08-18", "location__name": "Grand Gedeh", "hcw_deaths_new": null}, {"hcw_cases_new": null, "hcw_cases_cum": 23, "hcw_deaths_cum": 16, "date": "2014-08-18", "location__name": "Margibi County", "hcw_deaths_new": null}, {"hcw_cases_new": null, "hcw_cases_cum": 0, "hcw_deaths_cum": 0, "date": "2014-08-18", "location__name": "Maryland County", "hcw_deaths_new": null}, {"hcw_cases_new": null, "hcw_cases_cum": 38, "hcw_deaths_cum": 21, "date": "2014-08-18", "location__name": "Montserrado County", "hcw_deaths_new": null}, {"hcw_cases_new": null, "hcw_cases_cum": 1, "hcw_deaths_cum": 0, "date": "2014-08-18", "location__name": "Nimba County", "hcw_deaths_new": null}, {"hcw_cases_new": null, "hcw_cases_cum": 0, "hcw_deaths_cum": 0, "date": "2014-08-18", "location__name": "RiverCess County", "hcw_deaths_new": null}, {"hcw_cases_new": null, "hcw_cases_cum": 0, "hcw_deaths_cum": 0, "date": "2014-08-18", "location__name": "River Gee County", "hcw_deaths_new": null}, {"hcw_cases_new": null, "hcw_cases_cum": 0, "hcw_deaths_cum": 0, "date": "2014-08-18", "location__name": "Grand Kru", "hcw_deaths_new": null}, {"hcw_cases_new": null, "hcw_cases_cum": 19, "hcw_deaths_cum": 15, "date": "2014-08-18", "location__name": "Lofa County", "hcw_deaths_new": null}, {"hcw_cases_new": null, "hcw_cases_cum": 0, "hcw_deaths_cum": 0, "date": "2014-08-18", "location__name": "Sinoe County", "hcw_deaths_new": null}]}, {"2014-08-17": [{"hcw_cases_new": null, "hcw_cases_cum": 4, "hcw_deaths_cum": 4, "date": "2014-08-17", "location__name": "Bomi County", "hcw_deaths_new": null}, {"hcw_cases_new": null, "hcw_cases_cum": 24, "hcw_deaths_cum": 4, "date": "2014-08-17", "location__name": "Bong County", "hcw_deaths_new": null}, {"hcw_cases_new": null, "hcw_cases_cum": 3, "hcw_deaths_cum": 0, "date": "2014-08-17", "location__name": "Grand Cape Mount", "hcw_deaths_new": null}, {"hcw_cases_new": null, "hcw_cases_cum": 0, "hcw_deaths_cum": 0, "date": "2014-08-17", "location__name": "Grand Gedeh", "hcw_deaths_new": null}, {"hcw_cases_new": null, "hcw_cases_cum": 0, "hcw_deaths_cum": 0, "date": "2014-08-17", "location__name": "Grand Kru", "hcw_deaths_new": null}, {"hcw_cases_new": null, "hcw_cases_cum": 19, "hcw_deaths_cum": 15, "date": "2014-08-17", "location__name": "Lofa County", "hcw_deaths_new": null}, {"hcw_cases_new": null, "hcw_cases_cum": 4, "hcw_deaths_cum": 1, "date": "2014-08-17", "location__name": "Margibi County", "hcw_deaths_new": null}, {"hcw_cases_new": null, "hcw_cases_cum": 37, "hcw_deaths_cum": 20, "date": "2014-08-17", "location__name": "Montserrado County", "hcw_deaths_new": null}, {"hcw_cases_new": null, "hcw_cases_cum": 0, "hcw_deaths_cum": 0, "date": "2014-08-17", "location__name": "RiverCess County", "hcw_deaths_new": null}, {"hcw_cases_new": null, "hcw_cases_cum": 0, "hcw_deaths_cum": 0, "date": "2014-08-17", "location__name": "Sinoe County", "hcw_deaths_new": null}, {"hcw_cases_new": null, "hcw_cases_cum": 0, "hcw_deaths_cum": 0, "date": "2014-08-17", "location__name": "Gbarpolu County", "hcw_deaths_new": null}, {"hcw_cases_new": null, "hcw_cases_cum": 3, "hcw_deaths_cum": 0, "date": "2014-08-17", "location__name": "Grand Bassa", "hcw_deaths_new": null}, {"hcw_cases_new": null, "hcw_cases_cum": 0, "hcw_deaths_cum": 0, "date": "2014-08-17", "location__name": "Maryland County", "hcw_deaths_new": null}, {"hcw_cases_new": null, "hcw_cases_cum": 1, "hcw_deaths_cum": 0, "date": "2014-08-17", "location__name": "Nimba County", "hcw_deaths_new": null}, {"hcw_cases_new": null, "hcw_cases_cum": 0, "hcw_deaths_cum": 0, "date": "2014-08-17", "location__name": "River Gee County", "hcw_deaths_new": null}]}, {"2014-08-16": [{"hcw_cases_new": null, "hcw_cases_cum": 4, "hcw_deaths_cum": 4, "date": "2014-08-16", "location__name": "Bomi County", "hcw_deaths_new": null}, {"hcw_cases_new": null, "hcw_cases_cum": 24, "hcw_deaths_cum": 4, "date": "2014-08-16", "location__name": "Bong County", "hcw_deaths_new": null}, {"hcw_cases_new": null, "hcw_cases_cum": 3, "hcw_deaths_cum": 0, "date": "2014-08-16", "location__name": "Grand Bassa", "hcw_deaths_new": null}, {"hcw_cases_new": null, "hcw_cases_cum": 3, "hcw_deaths_cum": 0, "date": "2014-08-16", "location__name": "Grand Cape Mount", "hcw_deaths_new": null}, {"hcw_cases_new": null, "hcw_cases_cum": 4, "hcw_deaths_cum": 1, "date": "2014-08-16", "location__name": "Margibi County", "hcw_deaths_new": null}, {"hcw_cases_new": null, "hcw_cases_cum": 37, "hcw_deaths_cum": 20, "date": "2014-08-16", "location__name": "Montserrado County", "hcw_deaths_new": null}, {"hcw_cases_new": null, "hcw_cases_cum": 1, "hcw_deaths_cum": 0, "date": "2014-08-16", "location__name": "Nimba County", "hcw_deaths_new": null}, {"hcw_cases_new": null, "hcw_cases_cum": 0, "hcw_deaths_cum": 0, "date": "2014-08-16", "location__name": "RiverCess County", "hcw_deaths_new": null}, {"hcw_cases_new": null, "hcw_cases_cum": 0, "hcw_deaths_cum": 0, "date": "2014-08-16", "location__name": "River Gee County", "hcw_deaths_new": null}, {"hcw_cases_new": null, "hcw_cases_cum": 0, "hcw_deaths_cum": 0, "date": "2014-08-16", "location__name": "Sinoe County", "hcw_deaths_new": null}, {"hcw_cases_new": null, "hcw_cases_cum": 0, "hcw_deaths_cum": 0, "date": "2014-08-16", "location__name": "Gbarpolu County", "hcw_deaths_new": null}, {"hcw_cases_new": null, "hcw_cases_cum": 0, "hcw_deaths_cum": 0, "date": "2014-08-16", "location__name": "Grand Kru", "hcw_deaths_new": null}, {"hcw_cases_new": null, "hcw_cases_cum": 0, "hcw_deaths_cum": 0, "date": "2014-08-16", "location__name": "Grand Gedeh", "hcw_deaths_new": null}, {"hcw_cases_new": null, "hcw_cases_cum": 19, "hcw_deaths_cum": 15, "date": "2014-08-16", "location__name": "Lofa County", "hcw_deaths_new": null}, {"hcw_cases_new": null, "hcw_cases_cum": 0, "hcw_deaths_cum": 0, "date": "2014-08-16", "location__name": "Maryland County", "hcw_deaths_new": null}]}, {"2014-08-15": [{"hcw_cases_new": null, "hcw_cases_cum": 4, "hcw_deaths_cum": 4, "date": "2014-08-15", "location__name": "Bomi County", "hcw_deaths_new": null}, {"hcw_cases_new": null, "hcw_cases_cum": 24, "hcw_deaths_cum": 4, "date": "2014-08-15", "location__name": "Bong County", "hcw_deaths_new": null}, {"hcw_cases_new": null, "hcw_cases_cum": 0, "hcw_deaths_cum": 0, "date": "2014-08-15", "location__name": "Gbarpolu County", "hcw_deaths_new": null}, {"hcw_cases_new": null, "hcw_cases_cum": 3, "hcw_deaths_cum": 0, "date": "2014-08-15", "location__name": "Grand Bassa", "hcw_deaths_new": null}, {"hcw_cases_new": null, "hcw_cases_cum": 3, "hcw_deaths_cum": 0, "date": "2014-08-15", "location__name": "Grand Cape Mount", "hcw_deaths_new": null}, {"hcw_cases_new": null, "hcw_cases_cum": 0, "hcw_deaths_cum": 0, "date": "2014-08-15", "location__name": "Grand Gedeh", "hcw_deaths_new": null}, {"hcw_cases_new": null, "hcw_cases_cum": 18, "hcw_deaths_cum": 15, "date": "2014-08-15", "location__name": "Lofa County", "hcw_deaths_new": null}, {"hcw_cases_new": null, "hcw_cases_cum": 4, "hcw_deaths_cum": 1, "date": "2014-08-15", "location__name": "Margibi County", "hcw_deaths_new": null}, {"hcw_cases_new": null, "hcw_cases_cum": 0, "hcw_deaths_cum": 0, "date": "2014-08-15", "location__name": "Maryland County", "hcw_deaths_new": null}, {"hcw_cases_new": null, "hcw_cases_cum": 37, "hcw_deaths_cum": 20, "date": "2014-08-15", "location__name": "Montserrado County", "hcw_deaths_new": null}, {"hcw_cases_new": null, "hcw_cases_cum": 1, "hcw_deaths_cum": 0, "date": "2014-08-15", "location__name": "Nimba County", "hcw_deaths_new": null}, {"hcw_cases_new": null, "hcw_cases_cum": 0, "hcw_deaths_cum": 0, "date": "2014-08-15", "location__name": "RiverCess County", "hcw_deaths_new": null}, {"hcw_cases_new": null, "hcw_cases_cum": 0, "hcw_deaths_cum": 0, "date": "2014-08-15", "location__name": "River Gee County", "hcw_deaths_new": null}, {"hcw_cases_new": null, "hcw_cases_cum": 0, "hcw_deaths_cum": 0, "date": "2014-08-15", "location__name": "Grand Kru", "hcw_deaths_new": null}, {"hcw_cases_new": null, "hcw_cases_cum": 0, "hcw_deaths_cum": 0, "date": "2014-08-15", "location__name": "Sinoe County", "hcw_deaths_new": null}]}, {"2014-08-14": [{"hcw_cases_new": null, "hcw_cases_cum": 4, "hcw_deaths_cum": 4, "date": "2014-08-14", "location__name": "Bomi County", "hcw_deaths_new": null}, {"hcw_cases_new": null, "hcw_cases_cum": 24, "hcw_deaths_cum": 4, "date": "2014-08-14", "location__name": "Bong County", "hcw_deaths_new": null}, {"hcw_cases_new": null, "hcw_cases_cum": 3, "hcw_deaths_cum": 0, "date": "2014-08-14", "location__name": "Grand Bassa", "hcw_deaths_new": null}, {"hcw_cases_new": null, "hcw_cases_cum": 3, "hcw_deaths_cum": 0, "date": "2014-08-14", "location__name": "Grand Cape Mount", "hcw_deaths_new": null}, {"hcw_cases_new": null, "hcw_cases_cum": 0, "hcw_deaths_cum": 0, "date": "2014-08-14", "location__name": "Grand Gedeh", "hcw_deaths_new": null}, {"hcw_cases_new": null, "hcw_cases_cum": 18, "hcw_deaths_cum": 15, "date": "2014-08-14", "location__name": "Lofa County", "hcw_deaths_new": null}, {"hcw_cases_new": null, "hcw_cases_cum": 4, "hcw_deaths_cum": 0, "date": "2014-08-14", "location__name": "Margibi County", "hcw_deaths_new": null}, {"hcw_cases_new": null, "hcw_cases_cum": 35, "hcw_deaths_cum": 18, "date": "2014-08-14", "location__name": "Montserrado County", "hcw_deaths_new": null}, {"hcw_cases_new": null, "hcw_cases_cum": 1, "hcw_deaths_cum": 0, "date": "2014-08-14", "location__name": "Nimba County", "hcw_deaths_new": null}, {"hcw_cases_new": null, "hcw_cases_cum": 0, "hcw_deaths_cum": 0, "date": "2014-08-14", "location__name": "RiverCess County", "hcw_deaths_new": null}, {"hcw_cases_new": null, "hcw_cases_cum": 0, "hcw_deaths_cum": 0, "date": "2014-08-14", "location__name": "Sinoe County", "hcw_deaths_new": null}, {"hcw_cases_new": null, "hcw_cases_cum": 0, "hcw_deaths_cum": 0, "date": "2014-08-14", "location__name": "Gbarpolu County", "hcw_deaths_new": null}, {"hcw_cases_new": null, "hcw_cases_cum": 0, "hcw_deaths_cum": 0, "date": "2014-08-14", "location__name": "Grand Kru", "hcw_deaths_new": null}, {"hcw_cases_new": null, "hcw_cases_cum": 0, "hcw_deaths_cum": 0, "date": "2014-08-14", "location__name": "Maryland County", "hcw_deaths_new": null}, {"hcw_cases_new": null, "hcw_cases_cum": 0, "hcw_deaths_cum": 0, "date": "2014-08-14", "location__name": "River Gee County", "hcw_deaths_new": null}]}, {"2014-08-13": [{"hcw_cases_new": null, "hcw_cases_cum": 24, "hcw_deaths_cum": 4, "date": "2014-08-13", "location__name": "Bong County", "hcw_deaths_new": null}, {"hcw_cases_new": null, "hcw_cases_cum": 0, "hcw_deaths_cum": 0, "date": "2014-08-13", "location__name": "Gbarpolu County", "hcw_deaths_new": null}, {"hcw_cases_new": null, "hcw_cases_cum": 3, "hcw_deaths_cum": 0, "date": "2014-08-13", "location__name": "Grand Bassa", "hcw_deaths_new": null}, {"hcw_cases_new": null, "hcw_cases_cum": 0, "hcw_deaths_cum": 0, "date": "2014-08-13", "location__name": "Grand Gedeh", "hcw_deaths_new": null}, {"hcw_cases_new": null, "hcw_cases_cum": 0, "hcw_deaths_cum": 0, "date": "2014-08-13", "location__name": "Grand Kru", "hcw_deaths_new": null}, {"hcw_cases_new": null, "hcw_cases_cum": 0, "hcw_deaths_cum": 0, "date": "2014-08-13", "location__name": "Maryland County", "hcw_deaths_new": null}, {"hcw_cases_new": null, "hcw_cases_cum": 0, "hcw_deaths_cum": 0, "date": "2014-08-13", "location__name": "River Gee County", "hcw_deaths_new": null}, {"hcw_cases_new": null, "hcw_cases_cum": 4, "hcw_deaths_cum": 4, "date": "2014-08-13", "location__name": "Bomi County", "hcw_deaths_new": null}, {"hcw_cases_new": null, "hcw_cases_cum": 1, "hcw_deaths_cum": 0, "date": "2014-08-13", "location__name": "Grand Cape Mount", "hcw_deaths_new": null}, {"hcw_cases_new": null, "hcw_cases_cum": 16, "hcw_deaths_cum": 13, "date": "2014-08-13", "location__name": "Lofa County", "hcw_deaths_new": null}, {"hcw_cases_new": null, "hcw_cases_cum": 4, "hcw_deaths_cum": 0, "date": "2014-08-13", "location__name": "Margibi County", "hcw_deaths_new": null}, {"hcw_cases_new": null, "hcw_cases_cum": 35, "hcw_deaths_cum": 15, "date": "2014-08-13", "location__name": "Montserrado County", "hcw_deaths_new": null}, {"hcw_cases_new": null, "hcw_cases_cum": 1, "hcw_deaths_cum": 0, "date": "2014-08-13", "location__name": "Nimba County", "hcw_deaths_new": null}, {"hcw_cases_new": null, "hcw_cases_cum": 0, "hcw_deaths_cum": 0, "date": "2014-08-13", "location__name": "RiverCess County", "hcw_deaths_new": null}, {"hcw_cases_new": null, "hcw_cases_cum": 0, "hcw_deaths_cum": 0, "date": "2014-08-13", "location__name": "Sinoe County", "hcw_deaths_new": null}]}, {"2014-08-12": [{"hcw_cases_new": null, "hcw_cases_cum": 4, "hcw_deaths_cum": 4, "date": "2014-08-12", "location__name": "Bomi County", "hcw_deaths_new": null}, {"hcw_cases_new": null, "hcw_cases_cum": 0, "hcw_deaths_cum": 0, "date": "2014-08-12", "location__name": "Grand Cape Mount", "hcw_deaths_new": null}, {"hcw_cases_new": null, "hcw_cases_cum": 4, "hcw_deaths_cum": 0, "date": "2014-08-12", "location__name": "Margibi County", "hcw_deaths_new": null}, {"hcw_cases_new": null, "hcw_cases_cum": 1, "hcw_deaths_cum": 0, "date": "2014-08-12", "location__name": "Nimba County", "hcw_deaths_new": null}, {"hcw_cases_new": null, "hcw_cases_cum": 24, "hcw_deaths_cum": 4, "date": "2014-08-12", "location__name": "Bong County", "hcw_deaths_new": null}, {"hcw_cases_new": null, "hcw_cases_cum": 0, "hcw_deaths_cum": 0, "date": "2014-08-12", "location__name": "Gbarpolu County", "hcw_deaths_new": null}, {"hcw_cases_new": null, "hcw_cases_cum": 0, "hcw_deaths_cum": 0, "date": "2014-08-12", "location__name": "Grand Kru", "hcw_deaths_new": null}, {"hcw_cases_new": null, "hcw_cases_cum": 3, "hcw_deaths_cum": 0, "date": "2014-08-12", "location__name": "Grand Bassa", "hcw_deaths_new": null}, {"hcw_cases_new": null, "hcw_cases_cum": 0, "hcw_deaths_cum": 0, "date": "2014-08-12", "location__name": "Grand Gedeh", "hcw_deaths_new": null}, {"hcw_cases_new": null, "hcw_cases_cum": 16, "hcw_deaths_cum": 13, "date": "2014-08-12", "location__name": "Lofa County", "hcw_deaths_new": null}, {"hcw_cases_new": null, "hcw_cases_cum": 0, "hcw_deaths_cum": 0, "date": "2014-08-12", "location__name": "Maryland County", "hcw_deaths_new": null}, {"hcw_cases_new": null, "hcw_cases_cum": 33, "hcw_deaths_cum": 15, "date": "2014-08-12", "location__name": "Montserrado County", "hcw_deaths_new": null}, {"hcw_cases_new": null, "hcw_cases_cum": 0, "hcw_deaths_cum": 0, "date": "2014-08-12", "location__name": "RiverCess County", "hcw_deaths_new": null}, {"hcw_cases_new": null, "hcw_cases_cum": 0, "hcw_deaths_cum": 0, "date": "2014-08-12", "location__name": "River Gee County", "hcw_deaths_new": null}, {"hcw_cases_new": null, "hcw_cases_cum": 0, "hcw_deaths_cum": 0, "date": "2014-08-12", "location__name": "Sinoe County", "hcw_deaths_new": null}]}, {"2014-08-11": [{"hcw_cases_new": null, "hcw_cases_cum": 0, "hcw_deaths_cum": 0, "date": "2014-08-11", "location__name": "Gbarpolu County", "hcw_deaths_new": null}, {"hcw_cases_new": null, "hcw_cases_cum": 0, "hcw_deaths_cum": 0, "date": "2014-08-11", "location__name": "Grand Bassa", "hcw_deaths_new": null}, {"hcw_cases_new": null, "hcw_cases_cum": 0, "hcw_deaths_cum": 0, "date": "2014-08-11", "location__name": "Grand Kru", "hcw_deaths_new": null}, {"hcw_cases_new": null, "hcw_cases_cum": 0, "hcw_deaths_cum": 0, "date": "2014-08-11", "location__name": "Lofa County", "hcw_deaths_new": null}, {"hcw_cases_new": null, "hcw_cases_cum": 0, "hcw_deaths_cum": 0, "date": "2014-08-11", "location__name": "Maryland County", "hcw_deaths_new": null}, {"hcw_cases_new": null, "hcw_cases_cum": 0, "hcw_deaths_cum": 0, "date": "2014-08-11", "location__name": "Montserrado County", "hcw_deaths_new": null}, {"hcw_cases_new": null, "hcw_cases_cum": 0, "hcw_deaths_cum": 0, "date": "2014-08-11", "location__name": "RiverCess County", "hcw_deaths_new": null}, {"hcw_cases_new": null, "hcw_cases_cum": 0, "hcw_deaths_cum": 0, "date": "2014-08-11", "location__name": "Sinoe County", "hcw_deaths_new": null}, {"hcw_cases_new": null, "hcw_cases_cum": 0, "hcw_deaths_cum": 0, "date": "2014-08-11", "location__name": "Bomi County", "hcw_deaths_new": null}, {"hcw_cases_new": null, "hcw_cases_cum": 0, "hcw_deaths_cum": 0, "date": "2014-08-11", "location__name": "Bong County", "hcw_deaths_new": null}, {"hcw_cases_new": null, "hcw_cases_cum": 0, "hcw_deaths_cum": 0, "date": "2014-08-11", "location__name": "Grand Cape Mount", "hcw_deaths_new": null}, {"hcw_cases_new": null, "hcw_cases_cum": 0, "hcw_deaths_cum": 0, "date": "2014-08-11", "location__name": "Grand Gedeh", "hcw_deaths_new": null}, {"hcw_cases_new": null, "hcw_cases_cum": 0, "hcw_deaths_cum": 0, "date": "2014-08-11", "location__name": "Margibi County", "hcw_deaths_new": null}, {"hcw_cases_new": null, "hcw_cases_cum": 0, "hcw_deaths_cum": 0, "date": "2014-08-11", "location__name": "Nimba County", "hcw_deaths_new": null}, {"hcw_cases_new": null, "hcw_cases_cum": 0, "hcw_deaths_cum": 0, "date": "2014-08-11", "location__name": "River Gee County", "hcw_deaths_new": null}]}, {"2014-08-10": [{"hcw_cases_new": null, "hcw_cases_cum": 0, "hcw_deaths_cum": 0, "date": "2014-08-10", "location__name": "Bomi County", "hcw_deaths_new": null}, {"hcw_cases_new": null, "hcw_cases_cum": 0, "hcw_deaths_cum": 0, "date": "2014-08-10", "location__name": "Bong County", "hcw_deaths_new": null}, {"hcw_cases_new": null, "hcw_cases_cum": 0, "hcw_deaths_cum": 0, "date": "2014-08-10", "location__name": "Grand Cape Mount", "hcw_deaths_new": null}, {"hcw_cases_new": null, "hcw_cases_cum": 0, "hcw_deaths_cum": 0, "date": "2014-08-10", "location__name": "Grand Gedeh", "hcw_deaths_new": null}, {"hcw_cases_new": null, "hcw_cases_cum": 0, "hcw_deaths_cum": 0, "date": "2014-08-10", "location__name": "Grand Kru", "hcw_deaths_new": null}, {"hcw_cases_new": null, "hcw_cases_cum": 0, "hcw_deaths_cum": 0, "date": "2014-08-10", "location__name": "Margibi County", "hcw_deaths_new": null}, {"hcw_cases_new": null, "hcw_cases_cum": 0, "hcw_deaths_cum": 0, "date": "2014-08-10", "location__name": "Maryland County", "hcw_deaths_new": null}, {"hcw_cases_new": null, "hcw_cases_cum": 0, "hcw_deaths_cum": 0, "date": "2014-08-10", "location__name": "River Gee County", "hcw_deaths_new": null}, {"hcw_cases_new": null, "hcw_cases_cum": 0, "hcw_deaths_cum": 0, "date": "2014-08-10", "location__name": "Gbarpolu County", "hcw_deaths_new": null}, {"hcw_cases_new": null, "hcw_cases_cum": 0, "hcw_deaths_cum": 0, "date": "2014-08-10", "location__name": "Grand Bassa", "hcw_deaths_new": null}, {"hcw_cases_new": null, "hcw_cases_cum": 0, "hcw_deaths_cum": 0, "date": "2014-08-10", "location__name": "Lofa County", "hcw_deaths_new": null}, {"hcw_cases_new": null, "hcw_cases_cum": 0, "hcw_deaths_cum": 0, "date": "2014-08-10", "location__name": "Montserrado County", "hcw_deaths_new": null}, {"hcw_cases_new": null, "hcw_cases_cum": 0, "hcw_deaths_cum": 0, "date": "2014-08-10", "location__name": "Nimba County", "hcw_deaths_new": null}, {"hcw_cases_new": null, "hcw_cases_cum": 0, "hcw_deaths_cum": 0, "date": "2014-08-10", "location__name": "RiverCess County", "hcw_deaths_new": null}, {"hcw_cases_new": null, "hcw_cases_cum": 0, "hcw_deaths_cum": 0, "date": "2014-08-10", "location__name": "Sinoe County", "hcw_deaths_new": null}]}, {"2014-08-09": [{"hcw_cases_new": null, "hcw_cases_cum": 4, "hcw_deaths_cum": 4, "date": "2014-08-09", "location__name": "Bomi County", "hcw_deaths_new": null}, {"hcw_cases_new": null, "hcw_cases_cum": 23, "hcw_deaths_cum": 3, "date": "2014-08-09", "location__name": "Bong County", "hcw_deaths_new": null}, {"hcw_cases_new": null, "hcw_cases_cum": 0, "hcw_deaths_cum": 0, "date": "2014-08-09", "location__name": "Gbarpolu County", "hcw_deaths_new": null}, {"hcw_cases_new": null, "hcw_cases_cum": 0, "hcw_deaths_cum": 0, "date": "2014-08-09", "location__name": "Grand Bassa", "hcw_deaths_new": null}, {"hcw_cases_new": null, "hcw_cases_cum": 0, "hcw_deaths_cum": 0, "date": "2014-08-09", "location__name": "Grand Cape Mount", "hcw_deaths_new": null}, {"hcw_cases_new": null, "hcw_cases_cum": 0, "hcw_deaths_cum": 0, "date": "2014-08-09", "location__name": "Grand Gedeh", "hcw_deaths_new": null}, {"hcw_cases_new": null, "hcw_cases_cum": 0, "hcw_deaths_cum": 0, "date": "2014-08-09", "location__name": "Grand Kru", "hcw_deaths_new": null}, {"hcw_cases_new": null, "hcw_cases_cum": 4, "hcw_deaths_cum": 0, "date": "2014-08-09", "location__name": "Margibi County", "hcw_deaths_new": null}, {"hcw_cases_new": null, "hcw_cases_cum": 1, "hcw_deaths_cum": 0, "date": "2014-08-09", "location__name": "Nimba County", "hcw_deaths_new": null}, {"hcw_cases_new": null, "hcw_cases_cum": 0, "hcw_deaths_cum": 0, "date": "2014-08-09", "location__name": "Sinoe County", "hcw_deaths_new": null}, {"hcw_cases_new": null, "hcw_cases_cum": 17, "hcw_deaths_cum": 14, "date": "2014-08-09", "location__name": "Lofa County", "hcw_deaths_new": null}, {"hcw_cases_new": null, "hcw_cases_cum": 0, "hcw_deaths_cum": 0, "date": "2014-08-09", "location__name": "Maryland County", "hcw_deaths_new": null}, {"hcw_cases_new": null, "hcw_cases_cum": 32, "hcw_deaths_cum": 14, "date": "2014-08-09", "location__name": "Montserrado County", "hcw_deaths_new": null}, {"hcw_cases_new": null, "hcw_cases_cum": 0, "hcw_deaths_cum": 0, "date": "2014-08-09", "location__name": "RiverCess County", "hcw_deaths_new": null}, {"hcw_cases_new": null, "hcw_cases_cum": 0, "hcw_deaths_cum": 0, "date": "2014-08-09", "location__name": "River Gee County", "hcw_deaths_new": null}]}, {"2014-08-08": [{"hcw_cases_new": null, "hcw_cases_cum": 23, "hcw_deaths_cum": 3, "date": "2014-08-08", "location__name": "Bong County", "hcw_deaths_new": null}, {"hcw_cases_new": null, "hcw_cases_cum": 0, "hcw_deaths_cum": 0, "date": "2014-08-08", "location__name": "Gbarpolu County", "hcw_deaths_new": null}, {"hcw_cases_new": null, "hcw_cases_cum": 0, "hcw_deaths_cum": 0, "date": "2014-08-08", "location__name": "Grand Bassa", "hcw_deaths_new": null}, {"hcw_cases_new": null, "hcw_cases_cum": 0, "hcw_deaths_cum": 0, "date": "2014-08-08", "location__name": "Grand Cape Mount", "hcw_deaths_new": null}, {"hcw_cases_new": null, "hcw_cases_cum": 0, "hcw_deaths_cum": 0, "date": "2014-08-08", "location__name": "Grand Gedeh", "hcw_deaths_new": null}, {"hcw_cases_new": null, "hcw_cases_cum": 15, "hcw_deaths_cum": 12, "date": "2014-08-08", "location__name": "Lofa County", "hcw_deaths_new": null}, {"hcw_cases_new": null, "hcw_cases_cum": 4, "hcw_deaths_cum": 0, "date": "2014-08-08", "location__name": "Margibi County", "hcw_deaths_new": null}, {"hcw_cases_new": null, "hcw_cases_cum": 0, "hcw_deaths_cum": 0, "date": "2014-08-08", "location__name": "Maryland County", "hcw_deaths_new": null}, {"hcw_cases_new": null, "hcw_cases_cum": 30, "hcw_deaths_cum": 14, "date": "2014-08-08", "location__name": "Montserrado County", "hcw_deaths_new": null}, {"hcw_cases_new": null, "hcw_cases_cum": 0, "hcw_deaths_cum": 0, "date": "2014-08-08", "location__name": "RiverCess County", "hcw_deaths_new": null}, {"hcw_cases_new": null, "hcw_cases_cum": 4, "hcw_deaths_cum": 4, "date": "2014-08-08", "location__name": "Bomi County", "hcw_deaths_new": null}, {"hcw_cases_new": null, "hcw_cases_cum": 0, "hcw_deaths_cum": 0, "date": "2014-08-08", "location__name": "Grand Kru", "hcw_deaths_new": null}, {"hcw_cases_new": null, "hcw_cases_cum": 1, "hcw_deaths_cum": 0, "date": "2014-08-08", "location__name": "Nimba County", "hcw_deaths_new": null}, {"hcw_cases_new": null, "hcw_cases_cum": 0, "hcw_deaths_cum": 0, "date": "2014-08-08", "location__name": "River Gee County", "hcw_deaths_new": null}, {"hcw_cases_new": null, "hcw_cases_cum": 0, "hcw_deaths_cum": 0, "date": "2014-08-08", "location__name": "Sinoe County", "hcw_deaths_new": null}]}, {"2014-08-07": [{"hcw_cases_new": null, "hcw_cases_cum": 4, "hcw_deaths_cum": 4, "date": "2014-08-07", "location__name": "Bomi County", "hcw_deaths_new": null}, {"hcw_cases_new": null, "hcw_cases_cum": 0, "hcw_deaths_cum": 0, "date": "2014-08-07", "location__name": "Gbarpolu County", "hcw_deaths_new": null}, {"hcw_cases_new": null, "hcw_cases_cum": 0, "hcw_deaths_cum": 0, "date": "2014-08-07", "location__name": "Grand Kru", "hcw_deaths_new": null}, {"hcw_cases_new": null, "hcw_cases_cum": 0, "hcw_deaths_cum": 0, "date": "2014-08-07", "location__name": "Maryland County", "hcw_deaths_new": null}, {"hcw_cases_new": null, "hcw_cases_cum": 0, "hcw_deaths_cum": 0, "date": "2014-08-07", "location__name": "River Gee County", "hcw_deaths_new": null}, {"hcw_cases_new": null, "hcw_cases_cum": 23, "hcw_deaths_cum": 3, "date": "2014-08-07", "location__name": "Bong County", "hcw_deaths_new": null}, {"hcw_cases_new": null, "hcw_cases_cum": 0, "hcw_deaths_cum": 0, "date": "2014-08-07", "location__name": "Grand Bassa", "hcw_deaths_new": null}, {"hcw_cases_new": null, "hcw_cases_cum": 0, "hcw_deaths_cum": 0, "date": "2014-08-07", "location__name": "Grand Cape Mount", "hcw_deaths_new": null}, {"hcw_cases_new": null, "hcw_cases_cum": 0, "hcw_deaths_cum": 0, "date": "2014-08-07", "location__name": "Grand Gedeh", "hcw_deaths_new": null}, {"hcw_cases_new": null, "hcw_cases_cum": 15, "hcw_deaths_cum": 12, "date": "2014-08-07", "location__name": "Lofa County", "hcw_deaths_new": null}, {"hcw_cases_new": null, "hcw_cases_cum": 4, "hcw_deaths_cum": 0, "date": "2014-08-07", "location__name": "Margibi County", "hcw_deaths_new": null}, {"hcw_cases_new": null, "hcw_cases_cum": 29, "hcw_deaths_cum": 14, "date": "2014-08-07", "location__name": "Montserrado County", "hcw_deaths_new": null}, {"hcw_cases_new": null, "hcw_cases_cum": 1, "hcw_deaths_cum": 0, "date": "2014-08-07", "location__name": "Nimba County", "hcw_deaths_new": null}, {"hcw_cases_new": null, "hcw_cases_cum": 0, "hcw_deaths_cum": 0, "date": "2014-08-07", "location__name": "RiverCess County", "hcw_deaths_new": null}, {"hcw_cases_new": null, "hcw_cases_cum": 0, "hcw_deaths_cum": 0, "date": "2014-08-07", "location__name": "Sinoe County", "hcw_deaths_new": null}]}, {"2014-08-06": [{"hcw_cases_new": null, "hcw_cases_cum": 23, "hcw_deaths_cum": 3, "date": "2014-08-06", "location__name": "Bong County", "hcw_deaths_new": null}, {"hcw_cases_new": null, "hcw_cases_cum": 0, "hcw_deaths_cum": 0, "date": "2014-08-06", "location__name": "Grand Gedeh", "hcw_deaths_new": null}, {"hcw_cases_new": null, "hcw_cases_cum": 1, "hcw_deaths_cum": 0, "date": "2014-08-06", "location__name": "Nimba County", "hcw_deaths_new": null}, {"hcw_cases_new": null, "hcw_cases_cum": 0, "hcw_deaths_cum": 0, "date": "2014-08-06", "location__name": "RiverCess County", "hcw_deaths_new": null}, {"hcw_cases_new": null, "hcw_cases_cum": 0, "hcw_deaths_cum": 0, "date": "2014-08-06", "location__name": "Sinoe County", "hcw_deaths_new": null}, {"hcw_cases_new": null, "hcw_cases_cum": 4, "hcw_deaths_cum": 4, "date": "2014-08-06", "location__name": "Bomi County", "hcw_deaths_new": null}, {"hcw_cases_new": null, "hcw_cases_cum": 0, "hcw_deaths_cum": 0, "date": "2014-08-06", "location__name": "Gbarpolu County", "hcw_deaths_new": null}, {"hcw_cases_new": null, "hcw_cases_cum": 0, "hcw_deaths_cum": 0, "date": "2014-08-06", "location__name": "Grand Kru", "hcw_deaths_new": null}, {"hcw_cases_new": null, "hcw_cases_cum": 1, "hcw_deaths_cum": 0, "date": "2014-08-06", "location__name": "Grand Bassa", "hcw_deaths_new": null}, {"hcw_cases_new": null, "hcw_cases_cum": 0, "hcw_deaths_cum": 0, "date": "2014-08-06", "location__name": "Grand Cape Mount", "hcw_deaths_new": null}, {"hcw_cases_new": null, "hcw_cases_cum": 17, "hcw_deaths_cum": 14, "date": "2014-08-06", "location__name": "Lofa County", "hcw_deaths_new": null}, {"hcw_cases_new": null, "hcw_cases_cum": 4, "hcw_deaths_cum": 0, "date": "2014-08-06", "location__name": "Margibi County", "hcw_deaths_new": null}, {"hcw_cases_new": null, "hcw_cases_cum": 0, "hcw_deaths_cum": 0, "date": "2014-08-06", "location__name": "Maryland County", "hcw_deaths_new": null}, {"hcw_cases_new": null, "hcw_cases_cum": 27, "hcw_deaths_cum": 14, "date": "2014-08-06", "location__name": "Montserrado County", "hcw_deaths_new": null}, {"hcw_cases_new": null, "hcw_cases_cum": 0, "hcw_deaths_cum": 0, "date": "2014-08-06", "location__name": "River Gee County", "hcw_deaths_new": null}]}, {"2014-08-05": [{"hcw_cases_new": null, "hcw_cases_cum": 0, "hcw_deaths_cum": 0, "date": "2014-08-05", "location__name": "Grand Bassa", "hcw_deaths_new": null}, {"hcw_cases_new": null, "hcw_cases_cum": 0, "hcw_deaths_cum": 0, "date": "2014-08-05", "location__name": "Grand Cape Mount", "hcw_deaths_new": null}, {"hcw_cases_new": null, "hcw_cases_cum": 0, "hcw_deaths_cum": 0, "date": "2014-08-05", "location__name": "Grand Kru", "hcw_deaths_new": null}, {"hcw_cases_new": null, "hcw_cases_cum": 0, "hcw_deaths_cum": 0, "date": "2014-08-05", "location__name": "Lofa County", "hcw_deaths_new": null}, {"hcw_cases_new": null, "hcw_cases_cum": 0, "hcw_deaths_cum": 0, "date": "2014-08-05", "location__name": "Montserrado County", "hcw_deaths_new": null}, {"hcw_cases_new": null, "hcw_cases_cum": 0, "hcw_deaths_cum": 0, "date": "2014-08-05", "location__name": "Bomi County", "hcw_deaths_new": null}, {"hcw_cases_new": null, "hcw_cases_cum": 0, "hcw_deaths_cum": 0, "date": "2014-08-05", "location__name": "Bong County", "hcw_deaths_new": null}, {"hcw_cases_new": null, "hcw_cases_cum": 0, "hcw_deaths_cum": 0, "date": "2014-08-05", "location__name": "Gbarpolu County", "hcw_deaths_new": null}, {"hcw_cases_new": null, "hcw_cases_cum": 0, "hcw_deaths_cum": 0, "date": "2014-08-05", "location__name": "Grand Gedeh", "hcw_deaths_new": null}, {"hcw_cases_new": null, "hcw_cases_cum": 0, "hcw_deaths_cum": 0, "date": "2014-08-05", "location__name": "Margibi County", "hcw_deaths_new": null}, {"hcw_cases_new": null, "hcw_cases_cum": 0, "hcw_deaths_cum": 0, "date": "2014-08-05", "location__name": "Maryland County", "hcw_deaths_new": null}, {"hcw_cases_new": null, "hcw_cases_cum": 0, "hcw_deaths_cum": 0, "date": "2014-08-05", "location__name": "Nimba County", "hcw_deaths_new": null}, {"hcw_cases_new": null, "hcw_cases_cum": 0, "hcw_deaths_cum": 0, "date": "2014-08-05", "location__name": "RiverCess County", "hcw_deaths_new": null}, {"hcw_cases_new": null, "hcw_cases_cum": 0, "hcw_deaths_cum": 0, "date": "2014-08-05", "location__name": "River Gee County", "hcw_deaths_new": null}, {"hcw_cases_new": null, "hcw_cases_cum": 0, "hcw_deaths_cum": 0, "date": "2014-08-05", "location__name": "Sinoe County", "hcw_deaths_new": null}]}, {"2014-08-04": [{"hcw_cases_new": null, "hcw_cases_cum": 4, "hcw_deaths_cum": 4, "date": "2014-08-04", "location__name": "Bomi County", "hcw_deaths_new": null}, {"hcw_cases_new": null, "hcw_cases_cum": 0, "hcw_deaths_cum": 0, "date": "2014-08-04", "location__name": "Gbarpolu County", "hcw_deaths_new": null}, {"hcw_cases_new": null, "hcw_cases_cum": 0, "hcw_deaths_cum": 0, "date": "2014-08-04", "location__name": "Maryland County", "hcw_deaths_new": null}, {"hcw_cases_new": null, "hcw_cases_cum": 0, "hcw_deaths_cum": 0, "date": "2014-08-04", "location__name": "River Gee County", "hcw_deaths_new": null}, {"hcw_cases_new": null, "hcw_cases_cum": 23, "hcw_deaths_cum": 3, "date": "2014-08-04", "location__name": "Bong County", "hcw_deaths_new": null}, {"hcw_cases_new": null, "hcw_cases_cum": 0, "hcw_deaths_cum": 0, "date": "2014-08-04", "location__name": "Grand Kru", "hcw_deaths_new": null}, {"hcw_cases_new": null, "hcw_cases_cum": 1, "hcw_deaths_cum": 0, "date": "2014-08-04", "location__name": "Grand Bassa", "hcw_deaths_new": null}, {"hcw_cases_new": null, "hcw_cases_cum": 0, "hcw_deaths_cum": 0, "date": "2014-08-04", "location__name": "Grand Cape Mount", "hcw_deaths_new": null}, {"hcw_cases_new": null, "hcw_cases_cum": 0, "hcw_deaths_cum": 0, "date": "2014-08-04", "location__name": "Grand Gedeh", "hcw_deaths_new": null}, {"hcw_cases_new": null, "hcw_cases_cum": 17, "hcw_deaths_cum": 13, "date": "2014-08-04", "location__name": "Lofa County", "hcw_deaths_new": null}, {"hcw_cases_new": null, "hcw_cases_cum": 0, "hcw_deaths_cum": 0, "date": "2014-08-04", "location__name": "Margibi County", "hcw_deaths_new": null}, {"hcw_cases_new": null, "hcw_cases_cum": 20, "hcw_deaths_cum": 14, "date": "2014-08-04", "location__name": "Montserrado County", "hcw_deaths_new": null}, {"hcw_cases_new": null, "hcw_cases_cum": 1, "hcw_deaths_cum": 0, "date": "2014-08-04", "location__name": "Nimba County", "hcw_deaths_new": null}, {"hcw_cases_new": null, "hcw_cases_cum": 0, "hcw_deaths_cum": 0, "date": "2014-08-04", "location__name": "RiverCess County", "hcw_deaths_new": null}, {"hcw_cases_new": null, "hcw_cases_cum": 0, "hcw_deaths_cum": 0, "date": "2014-08-04", "location__name": "Sinoe County", "hcw_deaths_new": null}]}, {"2014-08-03": [{"hcw_cases_new": null, "hcw_cases_cum": 0, "hcw_deaths_cum": 0, "date": "2014-08-03", "location__name": "Bong County", "hcw_deaths_new": null}, {"hcw_cases_new": null, "hcw_cases_cum": 0, "hcw_deaths_cum": 0, "date": "2014-08-03", "location__name": "Grand Gedeh", "hcw_deaths_new": null}, {"hcw_cases_new": null, "hcw_cases_cum": 0, "hcw_deaths_cum": 0, "date": "2014-08-03", "location__name": "Nimba County", "hcw_deaths_new": null}, {"hcw_cases_new": null, "hcw_cases_cum": 0, "hcw_deaths_cum": 0, "date": "2014-08-03", "location__name": "RiverCess County", "hcw_deaths_new": null}, {"hcw_cases_new": null, "hcw_cases_cum": 0, "hcw_deaths_cum": 0, "date": "2014-08-03", "location__name": "Sinoe County", "hcw_deaths_new": null}, {"hcw_cases_new": null, "hcw_cases_cum": 0, "hcw_deaths_cum": 0, "date": "2014-08-03", "location__name": "Bomi County", "hcw_deaths_new": null}, {"hcw_cases_new": null, "hcw_cases_cum": 0, "hcw_deaths_cum": 0, "date": "2014-08-03", "location__name": "Gbarpolu County", "hcw_deaths_new": null}, {"hcw_cases_new": null, "hcw_cases_cum": 0, "hcw_deaths_cum": 0, "date": "2014-08-03", "location__name": "Grand Kru", "hcw_deaths_new": null}, {"hcw_cases_new": null, "hcw_cases_cum": 0, "hcw_deaths_cum": 0, "date": "2014-08-03", "location__name": "Grand Bassa", "hcw_deaths_new": null}, {"hcw_cases_new": null, "hcw_cases_cum": 0, "hcw_deaths_cum": 0, "date": "2014-08-03", "location__name": "Grand Cape Mount", "hcw_deaths_new": null}, {"hcw_cases_new": null, "hcw_cases_cum": 0, "hcw_deaths_cum": 0, "date": "2014-08-03", "location__name": "Lofa County", "hcw_deaths_new": null}, {"hcw_cases_new": null, "hcw_cases_cum": 0, "hcw_deaths_cum": 0, "date": "2014-08-03", "location__name": "Margibi County", "hcw_deaths_new": null}, {"hcw_cases_new": null, "hcw_cases_cum": 0, "hcw_deaths_cum": 0, "date": "2014-08-03", "location__name": "Maryland County", "hcw_deaths_new": null}, {"hcw_cases_new": null, "hcw_cases_cum": 0, "hcw_deaths_cum": 0, "date": "2014-08-03", "location__name": "Montserrado County", "hcw_deaths_new": null}, {"hcw_cases_new": null, "hcw_cases_cum": 0, "hcw_deaths_cum": 0, "date": "2014-08-03", "location__name": "River Gee County", "hcw_deaths_new": null}]}, {"2014-08-02": [{"hcw_cases_new": null, "hcw_cases_cum": 0, "hcw_deaths_cum": 0, "date": "2014-08-02", "location__name": "Grand Bassa", "hcw_deaths_new": null}, {"hcw_cases_new": null, "hcw_cases_cum": 0, "hcw_deaths_cum": 0, "date": "2014-08-02", "location__name": "Grand Cape Mount", "hcw_deaths_new": null}, {"hcw_cases_new": null, "hcw_cases_cum": 0, "hcw_deaths_cum": 0, "date": "2014-08-02", "location__name": "Grand Kru", "hcw_deaths_new": null}, {"hcw_cases_new": null, "hcw_cases_cum": 17, "hcw_deaths_cum": 10, "date": "2014-08-02", "location__name": "Lofa County", "hcw_deaths_new": null}, {"hcw_cases_new": null, "hcw_cases_cum": 0, "hcw_deaths_cum": 0, "date": "2014-08-02", "location__name": "Margibi County", "hcw_deaths_new": null}, {"hcw_cases_new": null, "hcw_cases_cum": 17, "hcw_deaths_cum": 20, "date": "2014-08-02", "location__name": "Montserrado County", "hcw_deaths_new": null}, {"hcw_cases_new": null, "hcw_cases_cum": 4, "hcw_deaths_cum": 4, "date": "2014-08-02", "location__name": "Bomi County", "hcw_deaths_new": null}, {"hcw_cases_new": null, "hcw_cases_cum": 23, "hcw_deaths_cum": 3, "date": "2014-08-02", "location__name": "Bong County", "hcw_deaths_new": null}, {"hcw_cases_new": null, "hcw_cases_cum": 0, "hcw_deaths_cum": 0, "date": "2014-08-02", "location__name": "Gbarpolu County", "hcw_deaths_new": null}, {"hcw_cases_new": null, "hcw_cases_cum": 0, "hcw_deaths_cum": 0, "date": "2014-08-02", "location__name": "Grand Gedeh", "hcw_deaths_new": null}, {"hcw_cases_new": null, "hcw_cases_cum": 0, "hcw_deaths_cum": 0, "date": "2014-08-02", "location__name": "Maryland County", "hcw_deaths_new": null}, {"hcw_cases_new": null, "hcw_cases_cum": 1, "hcw_deaths_cum": 0, "date": "2014-08-02", "location__name": "Nimba County", "hcw_deaths_new": null}, {"hcw_cases_new": null, "hcw_cases_cum": 0, "hcw_deaths_cum": 0, "date": "2014-08-02", "location__name": "RiverCess County", "hcw_deaths_new": null}, {"hcw_cases_new": null, "hcw_cases_cum": 0, "hcw_deaths_cum": 0, "date": "2014-08-02", "location__name": "River Gee County", "hcw_deaths_new": null}, {"hcw_cases_new": null, "hcw_cases_cum": 0, "hcw_deaths_cum": 0, "date": "2014-08-02", "location__name": "Sinoe County", "hcw_deaths_new": null}]}, {"2014-08-01": [{"hcw_cases_new": null, "hcw_cases_cum": 4, "hcw_deaths_cum": 4, "date": "2014-08-01", "location__name": "Bomi County", "hcw_deaths_new": null}, {"hcw_cases_new": null, "hcw_cases_cum": 0, "hcw_deaths_cum": 0, "date": "2014-08-01", "location__name": "Gbarpolu County", "hcw_deaths_new": null}, {"hcw_cases_new": null, "hcw_cases_cum": 0, "hcw_deaths_cum": 0, "date": "2014-08-01", "location__name": "Maryland County", "hcw_deaths_new": null}, {"hcw_cases_new": null, "hcw_cases_cum": 0, "hcw_deaths_cum": 0, "date": "2014-08-01", "location__name": "Grand Cape Mount", "hcw_deaths_new": null}, {"hcw_cases_new": null, "hcw_cases_cum": 1, "hcw_deaths_cum": 0, "date": "2014-08-01", "location__name": "Nimba County", "hcw_deaths_new": null}, {"hcw_cases_new": null, "hcw_cases_cum": 0, "hcw_deaths_cum": 0, "date": "2014-08-01", "location__name": "River Gee County", "hcw_deaths_new": null}, {"hcw_cases_new": null, "hcw_cases_cum": 0, "hcw_deaths_cum": 0, "date": "2014-08-01", "location__name": "Grand Kru", "hcw_deaths_new": null}, {"hcw_cases_new": null, "hcw_cases_cum": 23, "hcw_deaths_cum": 3, "date": "2014-08-01", "location__name": "Bong County", "hcw_deaths_new": null}, {"hcw_cases_new": null, "hcw_cases_cum": 0, "hcw_deaths_cum": 0, "date": "2014-08-01", "location__name": "Grand Bassa", "hcw_deaths_new": null}, {"hcw_cases_new": null, "hcw_cases_cum": 0, "hcw_deaths_cum": 0, "date": "2014-08-01", "location__name": "Grand Gedeh", "hcw_deaths_new": null}, {"hcw_cases_new": null, "hcw_cases_cum": 17, "hcw_deaths_cum": 10, "date": "2014-08-01", "location__name": "Lofa County", "hcw_deaths_new": null}, {"hcw_cases_new": null, "hcw_cases_cum": 0, "hcw_deaths_cum": 0, "date": "2014-08-01", "location__name": "Margibi County", "hcw_deaths_new": null}, {"hcw_cases_new": null, "hcw_cases_cum": 17, "hcw_deaths_cum": 20, "date": "2014-08-01", "location__name": "Montserrado County", "hcw_deaths_new": null}, {"hcw_cases_new": null, "hcw_cases_cum": 0, "hcw_deaths_cum": 0, "date": "2014-08-01", "location__name": "RiverCess County", "hcw_deaths_new": null}, {"hcw_cases_new": null, "hcw_cases_cum": 0, "hcw_deaths_cum": 0, "date": "2014-08-01", "location__name": "Sinoe County", "hcw_deaths_new": null}]}]
