{"cases": {"cases_cum_probable": [47, 72, 0, 43, 5, 0, 8, 449, 326, 5, 648, 134, 4, 3, 1], "cases_cum_confirmed": [33, 68, 0, 47, 6, 0, 6, 284, 39, 0, 356, 77, 2, 4, 4], "cases_cum_suspected": [7, 205, 1, 38, 6, 3, 6, 57, 284, 3, 554, 34, 12, 3, 6]}, "deaths": {"total_deaths_confirmed": [30, 14, 0, 21, 6, 0, 5, 191, 41, 0, 581, 49, 0, 3, 2], "total_deaths_suspected": [5, 79, 0, 7, 5, 2, 4, 38, 80, 3, 213, 14, 6, 2, 0], "total_deaths_probable": [33, 21, 0, 9, 3, 0, 4, 202, 126, 5, 203, 72, 0, 3, 0]}}
