{"deaths": 51, "cases_cum_confirmed": 935, "hcw_deaths_cum": 93, "new_deaths_probable": null, "new_deaths_confirmed": null, "total_deaths_probable": 715, "CFR": "63", "new_weekly_cases": 871, "cases_new_confirmed": 0, "cases_new_total": 61, "cases_cum": 4010, "cases_new_suspected": 31, "new_weekly_cases_hcw": 22, "cases_cum_suspected": 1233, "hcw_cases_new": null, "total_deaths_confirmed": 1051, "hc_workers": null, "pct_change_death_hcw": "N/A", "location__slug": "national", "pct_change_cases_hcw": "N/A", "total_deaths_suspected": 506, "new_weekly_deaths": 639, "hcw_cases_cum": 199, "pct_change_death": "N/A", "location__name": "National", "sit_rep__day_of_year": 279, "new_weekly_deaths_hcw": 9, "new_deaths_suspected": null, "sit_rep__date": "2014-10-06", "cases_cum_probable": 1842, "total_deaths_all": 2272, "hcw_deaths_new": 1, "pct_change_cases": "N/A", "cases_new_probable": 30}

deaths
cases_cum_confirmed
hcw_deaths_cum
new_deaths_probable
new_deaths_confirmed
total_deaths_probable
CFR
new_weekly_cases
cases_new_confirmed
cases_new_total
cases_cum
cases_new_suspected
new_weekly_cases_hcw
cases_cum_suspected
hcw_cases_new
total_deaths_confirmed
hc_workers
pct_change_death_hcw
location__slug
pct_change_cases_hcw
total_deaths_suspected
new_weekly_deaths
hcw_cases_cum
pct_change_death
location__name
sit_rep__day_of_year
new_weekly_deaths_hcw
new_deaths_suspected
sit_rep__date
cases_cum_probable
total_deaths_all
hcw_deaths_new
pct_change_cases
cases_new_probable
