{"cases": {"cases_cum_probable": [47, 86, 0, 45, 10, 0, 10, 455, 351, 5, 689, 134, 4, 3, 3], "cases_cum_confirmed": [33, 70, 0, 47, 6, 0, 6, 285, 39, 0, 358, 78, 3, 4, 6], "cases_cum_suspected": [7, 242, 1, 38, 9, 3, 8, 57, 187, 3, 622, 34, 12, 3, 7]}, "deaths": {"total_deaths_confirmed": [30, 16, 0, 21, 6, 0, 5, 192, 41, 0, 686, 49, 0, 3, 2], "total_deaths_suspected": [5, 105, 0, 7, 9, 2, 6, 39, 83, 4, 223, 15, 6, 2, 0], "total_deaths_probable": [34, 24, 0, 9, 5, 0, 5, 207, 132, 5, 218, 73, 0, 3, 0]}}
