[{"deaths": 51, "cases_cum_confirmed": 935, "hcw_deaths_cum": 93, "new_deaths_probable": null, "new_deaths_confirmed": null, "total_deaths_probable": 715, "CFR": "63", "new_weekly_cases": 871, "cases_new_confirmed": 0, "cases_new_total": 61, "cases_cum": 4010, "cases_new_suspected": 31, "new_weekly_cases_hcw": 22, "cases_cum_suspected": 1233, "hcw_cases_new": null, "total_deaths_confirmed": 1051, "hc_workers": null, "pct_change_death_hcw": "N/A", "location__slug": "national", "pct_change_cases_hcw": "N/A", "total_deaths_suspected": 506, "new_weekly_deaths": 639, "hcw_cases_cum": 199, "pct_change_death": "N/A", "location__name": "National", "sit_rep__day_of_year": 279, "new_weekly_deaths_hcw": 9, "new_deaths_suspected": null, "sit_rep__date": "2014-10-06", "cases_cum_probable": 1842, "total_deaths_all": 2272, "hcw_deaths_new": 1, "pct_change_cases": "N/A", "cases_new_probable": 30}, {"deaths": 39, "cases_cum_confirmed": 883, "hcw_deaths_cum": 84, "new_deaths_probable": null, "new_deaths_confirmed": null, "total_deaths_probable": 576, "CFR": "55", "cases_new_confirmed": 16, "cases_new_total": 75, "cases_cum": 3139, "cases_new_suspected": 27, "cases_cum_suspected": 858, "hcw_cases_new": 4, "total_deaths_confirmed": 687, "hc_workers": null, "location__slug": "national", "total_deaths_suspected": 370, "hcw_cases_cum": 177, "location__name": "National", "sit_rep__day_of_year": 272, "new_deaths_suspected": null, "sit_rep__date": "2014-09-29", "cases_cum_probable": 1398, "total_deaths_all": 1633, "hcw_deaths_new": 0, "cases_new_probable": 32}, {"deaths": 39, "cases_cum_confirmed": 883, "hcw_deaths_cum": 84, "new_deaths_probable": null, "new_deaths_confirmed": null, "total_deaths_probable": 576, "CFR": "55", "cases_new_confirmed": 16, "cases_new_total": 75, "cases_cum": 3139, "cases_new_suspected": 27, "cases_cum_suspected": 858, "hcw_cases_new": 4, "total_deaths_confirmed": 687, "hc_workers": null, "location__slug": "national", "total_deaths_suspected": 370, "hcw_cases_cum": 177, "location__name": "National", "sit_rep__day_of_year": 265, "new_deaths_suspected": null, "sit_rep__date": "2014-09-22", "cases_cum_probable": 1398, "total_deaths_all": 1633, "hcw_deaths_new": 0, "cases_new_probable": 32}, {"deaths": 30, "cases_cum_confirmed": 823, "hcw_deaths_cum": 83, "new_deaths_probable": null, "new_deaths_confirmed": null, "total_deaths_probable": 526, "CFR": "55", "cases_new_confirmed": 15, "cases_new_total": 113, "cases_cum": 2804, "cases_new_suspected": 44, "cases_cum_suspected": 713, "hcw_cases_new": 4, "total_deaths_confirmed": 629, "hc_workers": null, "location__slug": "national", "total_deaths_suspected": 326, "hcw_cases_cum": 172, "location__name": "National", "sit_rep__day_of_year": 258, "new_deaths_suspected": null, "sit_rep__date": "2014-09-15", "cases_cum_probable": 1268, "total_deaths_all": 1481, "hcw_deaths_new": 0, "cases_new_probable": 54}, {"deaths": 47, "cases_cum_confirmed": 700, "hcw_deaths_cum": 78, "new_deaths_probable": null, "new_deaths_confirmed": null, "total_deaths_probable": 443, "CFR": "57", "cases_new_confirmed": 12, "cases_new_total": 65, "cases_cum": 2184, "cases_new_suspected": 29, "cases_cum_suspected": 479, "hcw_cases_new": 1, "total_deaths_confirmed": 530, "hc_workers": null, "location__slug": "national", "total_deaths_suspected": 239, "hcw_cases_cum": 164, "location__name": "National", "sit_rep__day_of_year": 251, "new_deaths_suspected": null, "sit_rep__date": "2014-09-08", "cases_cum_probable": 1005, "total_deaths_all": 1212, "hcw_deaths_new": 0, "cases_new_probable": 24}, {"deaths": 34, "cases_cum_confirmed": 406, "hcw_deaths_cum": 74, "new_deaths_probable": null, "new_deaths_confirmed": null, "total_deaths_probable": 379, "CFR": "61", "cases_new_confirmed": 14, "cases_new_total": 73, "cases_cum": 1763, "cases_new_suspected": 27, "cases_cum_suspected": 512, "hcw_cases_new": 4, "total_deaths_confirmed": 390, "hc_workers": null, "location__slug": "national", "total_deaths_suspected": 235, "hcw_cases_cum": 149, "location__name": "National", "sit_rep__day_of_year": 244, "new_deaths_suspected": null, "sit_rep__date": "2014-09-01", "cases_cum_probable": 845, "total_deaths_all": 1004, "hcw_deaths_new": 0, "cases_new_probable": 32}, {"deaths": 28, "cases_cum_confirmed": 322, "hcw_deaths_cum": 67, "new_deaths_probable": null, "new_deaths_confirmed": null, "total_deaths_probable": 309, "CFR": "0.0", "cases_new_confirmed": 0, "cases_new_total": 29, "cases_cum": 1395, "cases_new_suspected": 16, "cases_cum_suspected": 398, "hcw_cases_new": 1, "total_deaths_confirmed": 280, "hc_workers": null, "location__slug": "national", "total_deaths_suspected": 182, "hcw_cases_cum": 132, "location__name": "National", "sit_rep__day_of_year": 237, "new_deaths_suspected": null, "sit_rep__date": "2014-08-25", "cases_cum_probable": 675, "total_deaths_all": 771, "hcw_deaths_new": 0, "cases_new_probable": 13}, {"deaths": 30, "cases_cum_confirmed": 242, "hcw_deaths_cum": 60, "new_deaths_probable": 33, "new_deaths_confirmed": 26, "total_deaths_probable": 239, "CFR": null, "cases_new_confirmed": 2, "cases_new_total": 56, "cases_cum": 972, "cases_new_suspected": 19, "cases_cum_suspected": 228, "hcw_cases_new": null, "total_deaths_confirmed": 212, "hc_workers": null, "location__slug": "national", "total_deaths_suspected": 125, "hcw_cases_cum": 115, "location__name": "National", "sit_rep__day_of_year": 230, "new_deaths_suspected": 25, "sit_rep__date": "2014-08-18", "cases_cum_probable": 502, "total_deaths_all": 576, "hcw_deaths_new": null, "cases_new_probable": 35}, {"deaths": 0, "cases_cum_confirmed": 0, "hcw_deaths_cum": 0, "new_deaths_probable": 0, "new_deaths_confirmed": 0, "total_deaths_probable": 0, "CFR": null, "cases_new_confirmed": 0, "cases_new_total": 0, "cases_cum": 0, "cases_new_suspected": 0, "cases_cum_suspected": 0, "hcw_cases_new": null, "total_deaths_confirmed": 0, "hc_workers": null, "location__slug": "national", "total_deaths_suspected": 0, "hcw_cases_cum": 0, "location__name": "National", "sit_rep__day_of_year": 223, "new_deaths_suspected": 0, "sit_rep__date": "2014-08-11", "cases_cum_probable": 0, "total_deaths_all": 0, "hcw_deaths_new": null, "cases_new_probable": 0}, {"deaths": 14, "cases_cum_confirmed": 143, "hcw_deaths_cum": 34, "new_deaths_probable": 9, "new_deaths_confirmed": 4, "total_deaths_probable": 110, "CFR": null, "cases_new_confirmed": 5, "cases_new_total": 37, "cases_cum": 516, "cases_new_suspected": 14, "cases_cum_suspected": 121, "hcw_cases_new": null, "total_deaths_confirmed": 128, "hc_workers": null, "location__slug": "national", "total_deaths_suspected": 44, "hcw_cases_cum": 65, "location__name": "National", "sit_rep__day_of_year": 216, "new_deaths_suspected": 1, "sit_rep__date": "2014-08-04", "cases_cum_probable": 252, "total_deaths_all": 282, "hcw_deaths_new": null, "cases_new_probable": 18}, {"deaths": 25, "cases_cum_confirmed": 101, "hcw_deaths_cum": 28, "new_deaths_probable": 14, "new_deaths_confirmed": 10, "total_deaths_probable": 76, "CFR": null, "cases_new_confirmed": 3, "cases_new_total": 45, "cases_cum": 360, "cases_new_suspected": 0, "cases_cum_suspected": 101, "hcw_cases_new": null, "total_deaths_confirmed": 82, "hc_workers": null, "location__slug": "national", "total_deaths_suspected": 23, "hcw_cases_cum": 47, "location__name": "National", "sit_rep__day_of_year": 209, "new_deaths_suspected": 1, "sit_rep__date": "2014-07-28", "cases_cum_probable": 158, "total_deaths_all": 181, "hcw_deaths_new": null, "cases_new_probable": 42}, {"deaths": 10, "cases_cum_confirmed": 82, "hcw_deaths_cum": 12, "new_deaths_probable": 2, "new_deaths_confirmed": 4, "total_deaths_probable": 46, "CFR": null, "cases_new_confirmed": 5, "cases_new_total": 6, "cases_cum": 230, "cases_new_suspected": -1, "cases_cum_suspected": 78, "hcw_cases_new": null, "total_deaths_confirmed": 60, "hc_workers": null, "location__slug": "national", "total_deaths_suspected": 31, "hcw_cases_cum": 30, "location__name": "National", "sit_rep__day_of_year": 202, "new_deaths_suspected": 4, "sit_rep__date": "2014-07-21", "cases_cum_probable": 70, "total_deaths_all": 137, "hcw_deaths_new": null, "cases_new_probable": 2}, {"deaths": 1, "cases_cum_confirmed": 70, "hcw_deaths_cum": 11, "new_deaths_probable": 0, "new_deaths_confirmed": 0, "total_deaths_probable": 30, "CFR": null, "cases_new_confirmed": 3, "cases_new_total": 1, "cases_cum": 174, "cases_new_suspected": 0, "cases_cum_suspected": 62, "hcw_cases_new": null, "total_deaths_confirmed": 46, "hc_workers": null, "location__slug": "national", "total_deaths_suspected": 20, "hcw_cases_cum": 12, "location__name": "National", "sit_rep__day_of_year": 195, "new_deaths_suspected": 0, "sit_rep__date": "2014-07-14", "cases_cum_probable": 42, "total_deaths_all": 106, "hcw_deaths_new": null, "cases_new_probable": -2}, {"deaths": 2, "cases_cum_confirmed": 62, "hcw_deaths_cum": 11, "new_deaths_probable": 0, "new_deaths_confirmed": 2, "total_deaths_probable": 28, "CFR": null, "cases_new_confirmed": -1, "cases_new_total": 7, "cases_cum": 138, "cases_new_suspected": 0, "cases_cum_suspected": 38, "hcw_cases_new": null, "total_deaths_confirmed": 43, "hc_workers": null, "location__slug": "national", "total_deaths_suspected": 18, "hcw_cases_cum": 12, "location__name": "National", "sit_rep__day_of_year": 188, "new_deaths_suspected": 0, "sit_rep__date": "2014-07-07", "cases_cum_probable": 32, "total_deaths_all": 89, "hcw_deaths_new": null, "cases_new_probable": 2}, {"deaths": 7, "cases_cum_confirmed": 46, "hcw_deaths_cum": 7, "new_deaths_probable": 5, "new_deaths_confirmed": 1, "total_deaths_probable": 15, "CFR": null, "cases_new_confirmed": 3, "cases_new_total": 6, "cases_cum": 96, "cases_new_suspected": 2, "cases_cum_suspected": 31, "hcw_cases_new": null, "total_deaths_confirmed": 27, "hc_workers": null, "location__slug": "national", "total_deaths_suspected": 14, "hcw_cases_cum": 10, "location__name": "National", "sit_rep__day_of_year": 181, "new_deaths_suspected": 1, "sit_rep__date": "2014-06-30", "cases_cum_probable": 19, "total_deaths_all": 56, "hcw_deaths_new": null, "cases_new_probable": 1}, {"deaths": 4, "cases_cum_confirmed": 35, "hcw_deaths_cum": 4, "new_deaths_probable": 0, "new_deaths_confirmed": 1, "total_deaths_probable": 10, "CFR": null, "cases_new_confirmed": 1, "cases_new_total": 11, "cases_cum": 62, "cases_new_suspected": 10, "cases_cum_suspected": 17, "hcw_cases_new": null, "total_deaths_confirmed": 23, "hc_workers": null, "location__slug": "national", "total_deaths_suspected": 4, "hcw_cases_cum": 4, "location__name": "National", "sit_rep__day_of_year": 174, "new_deaths_suspected": 3, "sit_rep__date": "2014-06-23", "cases_cum_probable": 10, "total_deaths_all": 37, "hcw_deaths_new": null, "cases_new_probable": 0}, {"deaths": 9, "cases_cum_confirmed": 18, "hcw_deaths_cum": 3, "new_deaths_probable": 3, "new_deaths_confirmed": 6, "total_deaths_probable": 8, "CFR": null, "cases_new_confirmed": 7, "cases_new_total": 0, "cases_cum": 30, "cases_new_suspected": -12, "cases_cum_suspected": 4, "hcw_cases_new": null, "total_deaths_confirmed": 14, "hc_workers": null, "location__slug": "national", "total_deaths_suspected": 2, "hcw_cases_cum": 3, "location__name": "National", "sit_rep__day_of_year": 167, "new_deaths_suspected": 1, "sit_rep__date": "2014-06-16", "cases_cum_probable": 8, "total_deaths_all": 24, "hcw_deaths_new": null, "cases_new_probable": 5}, {"deaths": 0, "cases_cum_confirmed": 6, "hcw_deaths_cum": 2, "new_deaths_probable": 0, "new_deaths_confirmed": 0, "total_deaths_probable": 2, "CFR": null, "cases_new_confirmed": 0, "cases_new_total": 0, "cases_cum": 13, "cases_new_suspected": 0, "cases_cum_suspected": 5, "hcw_cases_new": null, "total_deaths_confirmed": 6, "hc_workers": null, "location__slug": "national", "total_deaths_suspected": 2, "hcw_cases_cum": 2, "location__name": "National", "sit_rep__day_of_year": 160, "new_deaths_suspected": 0, "sit_rep__date": "2014-06-09", "cases_cum_probable": 2, "total_deaths_all": 12, "hcw_deaths_new": null, "cases_new_probable": 0}, {"deaths": 0, "cases_cum_confirmed": 6, "hcw_deaths_cum": 2, "new_deaths_probable": 0, "new_deaths_confirmed": 0, "total_deaths_probable": 2, "CFR": null, "cases_new_confirmed": 0, "cases_new_total": 0, "cases_cum": 13, "cases_new_suspected": 0, "cases_cum_suspected": 5, "hcw_cases_new": null, "total_deaths_confirmed": 6, "hc_workers": null, "location__slug": "national", "total_deaths_suspected": 2, "hcw_cases_cum": 2, "location__name": "National", "sit_rep__day_of_year": 153, "new_deaths_suspected": 0, "sit_rep__date": "2014-06-02", "cases_cum_probable": 2, "total_deaths_all": 12, "hcw_deaths_new": null, "cases_new_probable": 0}, {"deaths": 0, "cases_cum_confirmed": 6, "hcw_deaths_cum": 2, "new_deaths_probable": 0, "new_deaths_confirmed": 0, "total_deaths_probable": 2, "CFR": null, "cases_new_confirmed": 0, "cases_new_total": 0, "cases_cum": 12, "cases_new_suspected": 0, "cases_cum_suspected": 4, "hcw_cases_new": null, "total_deaths_confirmed": 6, "hc_workers": null, "location__slug": "national", "total_deaths_suspected": 1, "hcw_cases_cum": 2, "location__name": "National", "sit_rep__day_of_year": 146, "new_deaths_suspected": 0, "sit_rep__date": "2014-05-26", "cases_cum_probable": 2, "total_deaths_all": 11, "hcw_deaths_new": null, "cases_new_probable": 0}, {"deaths": 0, "cases_cum_confirmed": 6, "hcw_deaths_cum": 2, "new_deaths_probable": 0, "new_deaths_confirmed": 0, "total_deaths_probable": 2, "CFR": null, "cases_new_confirmed": 0, "cases_new_total": 0, "cases_cum": 12, "cases_new_suspected": 0, "cases_cum_suspected": 4, "hcw_cases_new": null, "total_deaths_confirmed": 6, "hc_workers": null, "location__slug": "national", "total_deaths_suspected": 1, "hcw_cases_cum": 2, "location__name": "National", "sit_rep__day_of_year": 139, "new_deaths_suspected": 0, "sit_rep__date": "2014-05-19", "cases_cum_probable": 2, "total_deaths_all": 11, "hcw_deaths_new": null, "cases_new_probable": 0}, {"deaths": 0, "cases_cum_confirmed": 6, "hcw_deaths_cum": 2, "new_deaths_probable": 0, "new_deaths_confirmed": 0, "total_deaths_probable": 2, "CFR": null, "cases_new_confirmed": 0, "cases_new_total": -1, "cases_cum": 12, "cases_new_suspected": -1, "cases_cum_suspected": 4, "hcw_cases_new": null, "total_deaths_confirmed": 6, "hc_workers": null, "location__slug": "national", "total_deaths_suspected": 3, "hcw_cases_cum": 2, "location__name": "National", "sit_rep__day_of_year": 132, "new_deaths_suspected": 0, "sit_rep__date": "2014-05-12", "cases_cum_probable": 2, "total_deaths_all": 11, "hcw_deaths_new": null, "cases_new_probable": 0}, {"deaths": 0, "cases_cum_confirmed": 6, "hcw_deaths_cum": 2, "new_deaths_probable": 0, "new_deaths_confirmed": 0, "total_deaths_probable": 2, "CFR": null, "cases_new_confirmed": 0, "cases_new_total": 0, "cases_cum": 13, "cases_new_suspected": 0, "cases_cum_suspected": 5, "hcw_cases_new": null, "total_deaths_confirmed": 6, "hc_workers": null, "location__slug": "national", "total_deaths_suspected": 3, "hcw_cases_cum": 2, "location__name": "National", "sit_rep__day_of_year": 125, "new_deaths_suspected": 0, "sit_rep__date": "2014-05-05", "cases_cum_probable": 2, "total_deaths_all": 11, "hcw_deaths_new": null, "cases_new_probable": 0}, {"deaths": 0, "cases_cum_confirmed": 6, "hcw_deaths_cum": 2, "new_deaths_probable": 0, "new_deaths_confirmed": 0, "total_deaths_probable": 2, "CFR": null, "cases_new_confirmed": 0, "cases_new_total": 0, "cases_cum": 35, "cases_new_suspected": 0, "cases_cum_suspected": 27, "hcw_cases_new": null, "total_deaths_confirmed": 6, "hc_workers": null, "location__slug": "national", "total_deaths_suspected": 3, "hcw_cases_cum": 2, "location__name": "National", "sit_rep__day_of_year": 118, "new_deaths_suspected": 0, "sit_rep__date": "2014-04-28", "cases_cum_probable": 2, "total_deaths_all": 11, "hcw_deaths_new": null, "cases_new_probable": 0}, {"deaths": 0, "cases_cum_confirmed": 6, "hcw_deaths_cum": 2, "new_deaths_probable": 0, "new_deaths_confirmed": 0, "total_deaths_probable": 2, "CFR": null, "cases_new_confirmed": 0, "cases_new_total": 0, "cases_cum": 33, "cases_new_suspected": 0, "cases_cum_suspected": 25, "hcw_cases_new": null, "total_deaths_confirmed": 6, "hc_workers": null, "location__slug": "national", "total_deaths_suspected": 1, "hcw_cases_cum": 2, "location__name": "National", "sit_rep__day_of_year": 111, "new_deaths_suspected": 0, "sit_rep__date": "2014-04-21", "cases_cum_probable": 2, "total_deaths_all": 13, "hcw_deaths_new": null, "cases_new_probable": 0}, {"deaths": 0, "cases_cum_confirmed": 6, "hcw_deaths_cum": 0, "new_deaths_probable": 0, "new_deaths_confirmed": 0, "total_deaths_probable": 0, "CFR": null, "cases_new_confirmed": 0, "cases_new_total": 0, "cases_cum": 25, "cases_new_suspected": 0, "cases_cum_suspected": 20, "hcw_cases_new": null, "total_deaths_confirmed": 0, "hc_workers": null, "location__slug": "national", "total_deaths_suspected": 0, "hcw_cases_cum": 0, "location__name": "National", "sit_rep__day_of_year": 104, "new_deaths_suspected": 0, "sit_rep__date": "2014-04-14", "cases_cum_probable": 0, "total_deaths_all": 13, "hcw_deaths_new": null, "cases_new_probable": 0}, {"deaths": 3, "cases_cum_confirmed": 5, "hcw_deaths_cum": 0, "new_deaths_probable": 0, "new_deaths_confirmed": 0, "total_deaths_probable": 0, "CFR": null, "cases_new_confirmed": 3, "cases_new_total": 3, "cases_cum": 21, "cases_new_suspected": 0, "cases_cum_suspected": 12, "hcw_cases_new": null, "total_deaths_confirmed": 0, "hc_workers": null, "location__slug": "national", "total_deaths_suspected": 0, "hcw_cases_cum": 0, "location__name": "National", "sit_rep__day_of_year": 97, "new_deaths_suspected": 0, "sit_rep__date": "2014-04-07", "cases_cum_probable": 0, "total_deaths_all": 10, "hcw_deaths_new": null, "cases_new_probable": 0}, {"deaths": 0, "cases_cum_confirmed": 0, "hcw_deaths_cum": 0, "new_deaths_probable": 0, "new_deaths_confirmed": 0, "total_deaths_probable": 0, "CFR": null, "cases_new_confirmed": 0, "cases_new_total": 0, "cases_cum": 8, "cases_new_suspected": 0, "cases_cum_suspected": 8, "hcw_cases_new": null, "total_deaths_confirmed": 0, "hc_workers": null, "location__slug": "national", "total_deaths_suspected": 0, "hcw_cases_cum": 0, "location__name": "National", "sit_rep__day_of_year": 90, "new_deaths_suspected": 0, "sit_rep__date": "2014-03-31", "cases_cum_probable": 0, "total_deaths_all": 4, "hcw_deaths_new": null, "cases_new_probable": 0}]
