{"deaths": 39, "cases_cum_confirmed": 788, "hcw_deaths_cum": 80, "new_deaths_probable": null, "new_deaths_confirmed": null, "total_deaths_probable": 451, "CFR": "54", "new_weekly_cases": 509, "cases_new_confirmed": 2, "cases_new_total": 79, "cases_cum": 2348, "cases_new_suspected": 31, "new_weekly_cases_hcw": 18, "cases_cum_suspected": 510, "hcw_cases_new": 5, "total_deaths_confirmed": 548, "hc_workers": null, "pct_change_death_hcw": 50.0, "location__slug": "national", "pct_change_cases_hcw": 28.57, "total_deaths_suspected": 253, "new_weekly_deaths": 201, "hcw_cases_cum": 169, "pct_change_death": -11.84, "location__name": "National", "sit_rep__day_of_year": 252, "new_weekly_deaths_hcw": 6, "new_deaths_suspected": null, "sit_rep__date": "2014-09-09", "cases_cum_probable": 1050, "total_deaths_all": 1252, "hcw_deaths_new": 2, "pct_change_cases": 35.37, "cases_new_probable": 46}

deaths
cases_cum_confirmed
hcw_deaths_cum
new_deaths_probable
new_deaths_confirmed
total_deaths_probable
CFR
new_weekly_cases
cases_new_confirmed
cases_new_total
cases_cum
cases_new_suspected
new_weekly_cases_hcw
cases_cum_suspected
hcw_cases_new
total_deaths_confirmed
hc_workers
pct_change_death_hcw
location__slug
pct_change_cases_hcw
total_deaths_suspected
new_weekly_deaths
hcw_cases_cum
pct_change_death
location__name
sit_rep__day_of_year
new_weekly_deaths_hcw
new_deaths_suspected
sit_rep__date
cases_cum_probable
total_deaths_all
hcw_deaths_new
pct_change_cases
cases_new_probable
