{"cases": {"cases_cum_probable": [37, 42, 0, 12, 5, 0, 0, 374, 168, 5, 343, 61, 3, 0, 0], "cases_cum_confirmed": [33, 44, 0, 13, 5, 0, 0, 259, 33, 0, 352, 47, 0, 1, 1], "cases_cum_suspected": [4, 92, 1, 21, 5, 3, 0, 53, 171, 1, 126, 26, 6, 0, 1]}, "deaths": {"total_deaths_confirmed": [27, 12, 0, 13, 5, 0, 0, 166, 32, 0, 262, 31, 0, 0, 0], "total_deaths_suspected": [0, 22, 0, 3, 5, 2, 0, 35, 54, 0, 115, 12, 5, 0, 0], "total_deaths_probable": [20, 14, 0, 3, 3, 0, 0, 162, 64, 4, 136, 44, 0, 1, 0]}}
