{"cases": {"cases_cum_probable": [47, 68, 0, 42, 5, 0, 8, 449, 316, 5, 630, 133, 4, 3, 1], "cases_cum_confirmed": [33, 67, 0, 47, 6, 0, 6, 284, 39, 0, 356, 77, 2, 4, 4], "cases_cum_suspected": [7, 201, 1, 34, 6, 3, 4, 57, 282, 3, 537, 34, 12, 3, 6]}, "deaths": {"total_deaths_confirmed": [30, 14, 0, 17, 6, 0, 5, 191, 41, 0, 570, 49, 0, 3, 2], "total_deaths_suspected": [5, 79, 0, 7, 5, 2, 2, 38, 79, 3, 213, 14, 6, 2, 0], "total_deaths_probable": [33, 21, 0, 9, 3, 0, 4, 202, 125, 5, 198, 72, 0, 3, 0]}}
